category;subcategory;level;question;correct;wrong1;wrong2
Przyroda;Zwierzęta;łatwe;Które zwierzę ma długą szyję, aby jeść liście z wysokich drzew?;Żyrafa;Słoń;Zebra
Przyroda;Zwierzęta;łatwe;Jak nazywa się dom, który budują ptaki dla swoich jajek?;Gniazdo;Nora;Ula
Przyroda;Zwierzęta;średnie;Co robi niedźwiedź przez całą zimę?;Śpi w gawrze;Pływa w morzu;Lata do ciepłych krajów
Przyroda;Zwierzęta;łatwe;Jak nazywa się dziecko krowy?;Cielę;Źrebię;Kurczątko
Przyroda;Zwierzęta;średnie;Które zwierzę nosi swój dom na plecach?;Ślimak;Żółw;Pająk
Przyroda;Las;łatwe;Które zwierzę robi zapasy orzechów na zimę?;Wiewiórka;Wilk;Dzik
Przyroda;Las;średnie;Jak nazywa się czerwony grzyb w białe kropki, którego nie wolno jeść?;Muchomor;Borowik;Kurka
Przyroda;Zwierzęta;łatwe;Który ptak potrafi powtarzać słowa po ludziach?;Papuga;Wróbel;Gołąb
Przyroda;Morze;średnie;Które zwierzę morskie ma osiem ramion?;Ośmiornica;Rekin;Wieloryb
Przyroda;Zwierzęta;łatwe;Z czego wykluwają się małe kurczaczki?;Z jajka;Z mleka;Z chleba
Bajki i Legendy;Polskie Legendy;średnie;Jak nazywał się groźny potwór, który mieszkał w jamie pod zamkiem w Krakowie?;Smok Wawelski;Bazyliszek;Syrenka
Bajki i Legendy;Postacie;łatwe;Jak ma na imię bałwanek z bajki "Kraina Lodu"?;Olaf;Sven;Kristoff
Bajki i Legendy;Klasyka;łatwe;Z czego zbudował swój domek trzeci, najmądrzejszy prosiaczek?;Z cegieł;Ze słomy;Z patyków
Bajki i Legendy;Postacie;średnie;Kto pomagał Kopciuszkowi przygotować się na bal?;Dobra Wróżka;Zła Macocha;Siedmiu Krasnoludków
Bajki i Legendy;Klasyka;łatwe;Kogo spotkał w lesie Czerwony Kapturek?;Wilka;Niedźwiedzia;Tygrysa
Bajki i Legendy;Superbohaterowie;średnie;Czego używa Spiderman, żeby wspinać się po budynkach?;Pajęczyny;Drabiny;Latającego dywanu
Bajki i Legendy;Postacie;średnie;Ile krasnoludków mieszkało ze Śnieżką?;Siedmiu;Trzech;Dziesięciu
Bajki i Legendy;Klasyka;łatwe;Jak nosił buty bajkowy kot?;Na łapach (Kot w butach);Na ogonie;Na uszach
Bajki i Legendy;Postacie;średnie;Jak ma na imię myszka, która jest narzeczoną Myszki Miki?;Minnie;Daisy;Lola
Bajki i Legendy;Postacie;łatwe;Kto ukradł święta w popularnej zielonej bajce?;Grinch;Shrek;Hulk
Polska i Świat;Symbole;łatwe;Jakie kolory ma flaga Polski?;Biały i czerwony;Żółty i niebieski;Zielony i biały
Polska i Świat;Symbole;średnie;Jakie zwierzę znajduje się w godle Polski?;Orzeł;Lew;Bocian
Polska i Świat;Miasta;średnie;Jak nazywa się stolica Polski?;Warszawa;Kraków;Gdańsk
Polska i Świat;Geografia;łatwe;Jak nazywa się największe polskie morze?;Bałtyk;Tatry;Wisła
Polska i Świat;Tradycje;średnie;Co malujemy i wkładamy do koszyczka na Wielkanoc?;Jajka (pisanki);Bombki;Prezenty
Polska i Świat;Tradycje;łatwe;Kto przynosi prezenty pod choinkę?;Święty Mikołaj;Zając;Wróżka Zębuszka
Polska i Świat;Pieniądze;średnie;Jak nazywają się pieniądze, których używamy w Polsce?;Złote;Euro;Dolary
Codzienne Odkrycia;Czas;łatwe;Ile dni ma tydzień?;Siedem;Pięć;Dziesięć
Codzienne Odkrycia;Czas;średnie;Po której porze roku następuje lato?;Po wiośnie;Po jesieni;Po zimie
Codzienne Odkrycia;Pogoda;łatwe;Co pojawia się na niebie po deszczu, gdy wychodzi słońce?;Tęcza;Śnieg;Piorun
Codzienne Odkrycia;Kosmos;średnie;Która planeta oświetla nas w dzień?;Słońce;Księżyc;Mars
Codzienne Odkrycia;Kosmos;średnie;Co świeci na niebie w nocy i zmienia swój kształt?;Księżyc;Słońce;Chmura
Codzienne Odkrycia;Ciało;łatwe;Ile palców masz u jednej ręki?;Pięć;Dziesięć;Trzy
Codzienne Odkrycia;Ciało;średnie;Czym czujemy zapach kwiatów?;Nosem;Uchem;Okiem
Codzienne Odkrycia;Higiena;łatwe;Ile razy dziennie powinno się myć zęby?;Przynajmniej dwa;Ani razu;Raz na tydzień
Codzienne Odkrycia;Ciało;średnie;Co w Twoim ciele bije jak mały bębenek?;Serce;Brzuch;Głowa
Kulinaria;Jedzenie;łatwe;Z czego robi się frytki?;Z ziemniaków;Z jabłek;Z marchewki
Kulinaria;Jedzenie;średnie;Co dają nam krowy do picia?;Mleko;Sok;Herbatę
Kulinaria;Jedzenie;łatwe;Jak nazywa się żółty owoc, który jest bardzo kwaśny?;Cytryna;Truskawka;Banan
Kulinaria;Jedzenie;średnie;Z czego pszczoły robią słodki miód?;Z nektaru kwiatów;Z cukru;Z piasku
Kulinaria;Jedzenie;łatwe;Który owoc jest czerwony i ma małe pestki na wierzchu?;Truskawka;Jagoda;Śliwka
Bezpieczeństwo;Ruch drogowy;łatwe;Co musisz zrobić, gdy na sygnalizatorze pali się czerwone światło?;Zatrzymać się;Biec szybko;Skakać
Bezpieczeństwo;Numery;średnie;Na jaki numer dzwonimy, gdy potrzebna jest pomoc (numer alarmowy)?;112;500;000
Bezpieczeństwo;Ruch drogowy;średnie;Jak nazywa się bezpieczne miejsce do przechodzenia przez jezdnię?;Pasy (zebra);Most;Dziura
Zawody;Praca;łatwe;Kto lata samolotem i nim steruje?;Pilot;Kierowca;Maszynista
Zawody;Praca;średnie;Kto gasi pożary i zdejmuje koty z drzew?;Strażak;Policjant;Lekarz
Zawody;Praca;średnie;Kto leczy chore zwierzęta?;Weterynarz;Dentysta;Kucharz
Zawody;Praca;łatwe;Kto uczy dzieci w szkole?;Nauczyciel;Piekarz;Sprzedawca
Sport;Zabawa;łatwe;Ile kół ma rower dla dorosłego człowieka?;Dwa;Cztery;Trzy
Sport;Zabawa;średnie;W jaką grę gramy, kopiąc piłkę do bramki?;Piłka nożna;Koszykówka;Siatkówka
Przyroda;Zwierzęta;łatwe;Które zwierzę ma trąbę i wielkie uszy?;Słoń;Hipopotam;Nosorożec
Przyroda;Zwierzęta;średnie;Jak nazywa się ptak, który przesypia dzień, a poluje w nocy?;Sowa;Wróbel;Jaskółka
Przyroda;Zwierzęta;łatwe;Z czego robią miód pszczoły?;Z kwiatów;Z liści;Z jagód
Przyroda;Zwierzęta;średnie;Które zwierzę zmienia kolor, żeby się schować?;Kameleon;Żaba;Mysz
Przyroda;Zwierzęta;łatwe;Jak nazywa się dom konia?;Stajnia;Kurnik;Buda
Przyroda;Las;łatwe;Jak nazywa się owoc dębu, który zbierają dzieci jesienią?;Żołądź;Kasztan;Szyszka
Przyroda;Las;średnie;Które zwierzę ma na grzbiecie ostre igły do obrony?;Jeż;Zając;Sarna
Przyroda;Morze;średnie;Jak nazywa się największe zwierzę żyjące w oceanie?;Wieloryb;Delfin;Złota rybka
Bajki i Legendy;Polskie Legendy;średnie;Co podał szewczyk Dratewka Smokowi Wawelskiemu?;Barana wypchanego siarką;Kawałek tortu;Miseczkę mleka
Bajki i Legendy;Postacie;łatwe;Kto mieszka w chatce na kurzej łapce?;Baba Jaga;Królewna Śnieżka;Pinokio
Bajki i Legendy;Klasyka;średnie;Z czego zrobiony był Pinokio?;Z drewna;Z plasteliny;Z metalu
Bajki i Legendy;Postacie;łatwe;Jak ma na imię ogr, który jest zielony i mieszka na bagnie?;Shrek;Fiona;Osioł
Bajki i Legendy;Klasyka;średnie;Co zgubił Kopciuszek uciekając z balu?;Szklany pantofelek;Złoty pierścionek;Czerwoną wstążkę
Bajki i Legendy;Superbohaterowie;średnie;Który bohater ma tarczę z gwiazdą i jest bardzo silny?;Kapitan Ameryka;Iron Man;Batman
Polska i Świat;Symbole;średnie;Jak nazywa się miasto, w którym mieszka syrenka?;Warszawa;Kraków;Poznań
Polska i Świat;Geografia;średnie;Gdzie mieszkają białe niedźwiedzie (polarne)?;Na mroźnej północy;W dżungli;Na pustyni
Polska i Świat;Tradycje;łatwe;Co kładziemy na stole wigilijnym pod obrusem?;Siano;Prezenty;Kwiaty
Polska i Świat;Miasta;średnie;W którym polskim mieście można spotkać wiele małych figurek krasnali?;Wrocław;Gdynia;Lublin
Codzienne Odkrycia;Czas;łatwe;Która pora roku przychodzi po zimie i przynosi kwiaty?;Wiosna;Lato;Jesień
Codzienne Odkrycia;Czas;średnie;Ile godzin ma doba (dzień i noc razem)?;24;12;7
Codzienne Odkrycia;Pogoda;średnie;Z czego zrobione są chmury?;Z małych kropelek wody;Z waty cukrowej;Z dymu
Codzienne Odkrycia;Kosmos;średnie;Jak nazywa się człowiek, który leci rakietą w kosmos?;Astronauta;Kierowca;Pilot
Codzienne Odkrycia;Ciało;średnie;Gdzie znajduje się mózg?;W głowie;W brzuchu;W łokciu
Codzienne Odkrycia;Higiena;łatwe;Czym myjemy ręce, żeby pozbyć się bakterii?;Mydłem;Sokiem;Piaskiem
Kulinaria;Jedzenie;średnie;Z czego piecze się chleb?;Z mąki;Z soli;Z ryżu
Kulinaria;Jedzenie;łatwe;Jak nazywa się włoski placek z serem i sosem pomidorowym?;Pizza;Naleśnik;Pieróg
Kulinaria;Jedzenie;średnie;Jaki kolor ma dojrzały pomidor?;Czerwony;Niebieski;Fioletowy
Bezpieczeństwo;Ruch drogowy;średnie;Co trzeba założyć na głowę przed jazdą na rowerze?;Kask;Czapkę z daszkiem;Koronę
Bezpieczeństwo;Numery;średnie;Jakiego koloru jest wóz strażacki?;Czerwonego;Niebieskiego;Zielonego
Zawody;Praca;średnie;Kto buduje domy z cegieł?;Murarz;Piekarz;Fryzjer
Zawody;Praca;średnie;Kto lata w kosmos, żeby badać gwiazdy?;Kosmonauta;Marynarz;Górnik
Sport;Zabawa;średnie;Na czym jeździmy zimą po lodzie?;Na łyżwach;Na nartach;Na rolkach
Przyroda;Zwierzęta;łatwe;Które zwierzę ma twardą skorupę i porusza się bardzo powoli?;Żółw;Zając;Pies
Przyroda;Zwierzęta;średnie;Jak nazywa się największy ptak na świecie, który nie potrafi latać, ale bardzo szybko biega?;Struś;Pingwin;Kura
Przyroda;Zwierzęta;łatwe;Które zwierzę lubi jeść banany i skakać po drzewach?;Małpa;Tygrys;Słoń
Przyroda;Zwierzęta;średnie;Gdzie mieszkają małe kangury zaraz po urodzeniu?;W torbie u mamy;W gnieździe;W norze
Przyroda;Las;łatwe;Które drzewo zostaje zielone nawet zimą i ubieramy je na święta?;Choinka (Świerk/Jodła);Dąb;Brzoza
Przyroda;Las;średnie;Jak nazywają się rogi jelenia?;Poroże;Pazury;Kopyta
Przyroda;Morze;średnie;Jak nazywa się bardzo inteligentne zwierzę morskie, które lubi skakać nad wodą i bawić się z ludźmi?;Delfin;Rekin;Krab
Bajki i Legendy;Polskie Legendy;średnie;Co robiła Warszawska Syrenka, żeby chronić miasto?;Trzymała miecz i tarczę;Śpiewała piosenki;Piekła pierniki
Bajki i Legendy;Postacie;łatwe;Jak nazywa się chłopiec, któremu rósł nos, gdy kłamał?;Pinokio;Piotruś Pan;Kubuś Puchatek
Bajki i Legendy;Klasyka;średnie;Co krasnoludki wydobywały w kopalni w bajce o Śnieżce?;Diamenty i złoto;Węgiel;Sól
Bajki i Legendy;Postacie;łatwe;Jak ma na imię najlepszy przyjaciel Kubusia Puchatka, który jest bardzo mały?;Prosiaczek;Tygrysek;Kłapouchy
Bajki i Legendy;Klasyka;średnie;W co zamieniła się dynia w bajce o Kopciuszku?;W karocę;W statek;W łóżko
Bajki i Legendy;Superbohaterowie;średnie;Jak nazywa się bohater, który lata w żelaznej, czerwono-złotej zbroi?;Iron Man;Batman;Tarzan
Polska i Świat;Symbole;łatwe;Jak nazywa się najdłuższa rzeka w Polsce?;Wisła;Odra;Warta
Polska i Świat;Geografia;średnie;Jak nazywają się najwyższe góry w Polsce?;Tatry;Beskidy;Sudety
Polska i Świat;Tradycje;łatwe;Co robimy z dyni na jesienne święto Halloween?;Wycinamy lampiony;Robimy bałwana;Malujemy ją na niebiesko
Polska i Świat;Miasta;średnie;W którym mieście znajduje się słynny Koziołek, który tryka się na wieży ratusza?;Poznań;Toruń;Wrocław
Codzienne Odkrycia;Czas;łatwe;Ile miesięcy ma rok?;Dwanaście;Siedem;Cztery
Codzienne Odkrycia;Czas;średnie;Jak nazywa się czas, kiedy jesteśmy w przedszkolu i świeci słońce?;Dzień;Noc;Wieczór
Codzienne Odkrycia;Pogoda;średnie;Z czego robi się lód na kałużach?;Z zamarzniętej wody;Z cukru;Z białego piasku
Codzienne Odkrycia;Kosmos;średnie;Jak nazywa się nasza planeta, na której mieszkamy?;Ziemia;Mars;Jowisz
Codzienne Odkrycia;Ciało;średnie;Dzięki czemu możemy zginać rękę w połowie?;Dzięki łokciowi;Dzięki kolanu;Dzięki szyi
Codzienne Odkrycia;Higiena;łatwe;Co trzeba zrobić z owocami przed ich zjedzeniem?;Umyć je;Pomalować je;Schować do plecaka
Kulinaria;Jedzenie;średnie;Z czego robi się popcorn?;Z kukurydzy;Z ryżu;Z pszenicy
Kulinaria;Jedzenie;łatwe;Jak nazywają się brązowe słodycze w kostkach zrobione z kakao?;Czekolada;Żelki;Lizaki
Kulinaria;Jedzenie;średnie;Co jest głównym składnikiem zupy pomidorowej?;Pomidory;Ogórki;Dynia
Bezpieczeństwo;Ruch drogowy;średnie;Kogo musimy zawsze trzymać za rękę przechodząc przez ulicę?;Osobę dorosłą;Pieska;Pluszowego misia
Bezpieczeństwo;Numery;średnie;Jaki sygnał wydaje karetka pogotowia, gdy spieszy się do chorego?;Syrenę (io-io);Dzwonek;Muzykę z bajki
Zawody;Praca;średnie;Kto naprawia zepsute samochody w warsztacie?;Mechanik;Krawiec;Piekarz
Zawody;Praca;średnie;Kto lata w kosmos, żeby badać gwiazdy?;Astronauta;Marynarz;Górnik
Sport;Zabawa;łatwe;W co gramy, używając rakiety i małej piłeczki nad siatką?;Tenis;Hokej;Bieganie
Sport;Zabawa;średnie;Na czym jeździmy, odpychając się jedną nogą od ziemi, trzymając ręce na kierownicy?;Na hulajnodze;Na nartach;Na sankach
Przyroda;Zwierzęta;łatwe;Który ptak jako pierwszy przylatuje do nas na wiosnę i ma czerwony brzuszek?;Giez (lub Rudzik);Wrona;Kaczka
Przyroda;Zwierzęta;średnie;Jak nazywa się największy kot na świecie, który ma futro w paski?;Tygrys;Lew;Kot domowy
Przyroda;Zwierzęta;łatwe;Które zwierzę potrafi latać, choć nie jest ptakiem i śpi głową w dół?;Nietoperz;Wróbel;Wiewiórka
Przyroda;Zwierzęta;średnie;Jak nazywa się domek, w którym mieszkają pszczoły?;Ul;Nora;Gniazdo
Przyroda;Las;średnie;Jak nazywa się małe zwierzątko z kolcami, które zwija się w kulkę?;Jeż;Mysz;Zając
Przyroda;Las;łatwe;Który ptak "puka" w drzewa, szukając pod korą owadów?;Dzięcioł;Sowa;Bocian
Przyroda;Morze;średnie;Co znajduje się wewnątrz muszli, którą możemy znaleźć na plaży?;Ślimak morski;Ryba;Kamień
Bajki i Legendy;Polskie Legendy;średnie;Z czego zrobione były słynne pierniki z Torunia?;Z mąki i miodu;Z piasku i wody;Z czekolady i soli
Bajki i Legendy;Postacie;łatwe;Kto był najlepszym przyjacielem Shreka?;Osioł;Kot w Butach;Ciastek
Bajki i Legendy;Klasyka;średnie;Kto obudził Śpiącą Królewnę?;Książę;Krasnoludek;Dobra wróżka
Bajki i Legendy;Postacie;łatwe;Jak ma na imię piesek, który jest strażakiem w "Psiu Patrolu"?;Marshall;Chase;Skye
Bajki i Legendy;Klasyka;średnie;Czym krasnoludki podróżowały do pracy w kopalni?;Szły pieszo;Samochodem;Samolotem
Bajki i Legendy;Superbohaterowie;średnie;Który bohater mieszka w jaskini i ma czarny kostium?;Batman;Superman;Spiderman
Polska i Świat;Symbole;łatwe;Co jemy tradycyjnie w Tłusty Czwartek?;Pączki;Lody;Marchewki
Polska i Świat;Geografia;średnie;Jak nazywa się biało-czarny ptak, który buduje duże gniazda na dachach domów?;Bocian;Jaskółka;Orzeł
Polska i Świat;Tradycje;łatwe;Co robimy w śmigus-dyngus (Lany Poniedziałek)?;Polewamy się wodą;Dajemy sobie prezenty;Ubieramy choinkę
Polska i Świat;Miasta;średnie;W którym mieście można zobaczyć słynnego Smoka ziejącego ogniem?;Kraków;Warszawa;Poznań
Codzienne Odkrycia;Czas;łatwe;Która godzina jest zwykle czasem obiadu?;Południe (12-14);Północ;Wieczór
Codzienne Odkrycia;Czas;średnie;Jak nazywa się pierwszy dzień tygodnia, w którym wracamy do przedszkola?;Poniedziałek;Sobota;Niedziela
Codzienne Odkrycia;Pogoda;średnie;Z czego ulepiony jest bałwan?;Ze śniegu;Z piasku;Z waty
Codzienne Odkrycia;Kosmos;średnie;Co to jest Droga Mleczna?;Zbiór gwiazd na niebie;Rzeka z mleka;Droga do sklepu
Codzienne Odkrycia;Ciało;średnie;Którym organem oddychamy, nabierając powietrze?;Płucami;Sercem;Żołądkiem
Codzienne Odkrycia;Higiena;łatwe;Czym czeszemy włosy, żeby nie były poplątane?;Szczotką lub grzebieniem;Widelcem;Łopatką
Kulinaria;Jedzenie;średnie;Z czego robi się ketchup?;Z pomidorów;Z truskawek;Z buraków
Kulinaria;Jedzenie;łatwe;Jak nazywa się zimny deser w wafelku, który jemy latem?;Lody;Zupa;Chleb
Kulinaria;Jedzenie;średnie;Jaki smak ma cukier?;Słodki;Słony;Kwaśny
Bezpieczeństwo;Ruch drogowy;średnie;Co musi mieć na sobie rowerzysta po zmroku, żeby go było widać?;Odblaski;Maskę;Płaszcz
Bezpieczeństwo;Numery;średnie;Jakiego koloru jest radiowóz policyjny w Polsce?;Niebiesko-srebrny;Żółty;Fioletowy
Zawody;Praca;średnie;Kto pracuje w bibliotece i podaje nam książki?;Bibliotekarz;Listonosz;Lekarz
Zawody;Praca;średnie;Kto szyje ubrania z materiału?;Krawiec;Szewc;Malarz
Sport;Zabawa;łatwe;W co bawimy się, gdy jedna osoba zakrywa oczy, a reszta ucieka?;W chowanego;W berka;W klasy
Sport;Zabawa;średnie;Ile osób gra w jednej drużynie piłki nożnej na boisku (seniorzy)?;11;2;100
Przyroda;Zwierzęta;łatwe;Które zwierzę ma długi, puszysty ogon i skacze po drzewach, jedząc orzeszki?;Wiewiórka;Zając;Lis
Przyroda;Zwierzęta;średnie;Jak nazywa się ptak, który nie lata, świetnie pływa i mieszka na zimnej Antarktydzie?;Pingwin;Mewa;Wróbel
Przyroda;Zwierzęta;łatwe;Ile nóg ma pająk?;Osiem;Sześć;Cztery
Przyroda;Zwierzęta;średnie;Jak nazywa się największy lądowy ssak, który ma trąbę?;Słoń;Wieloryb;Żyrafa
Przyroda;Las;łatwe;Jak nazywa się drzewo, na którym rosną kasztany?;Kasztanowiec;Dąb;Sosna
Przyroda;Las;średnie;Które leśne zwierzę buduje tamy na rzekach z patyków i błota?;Bóbr;Wydra;Dzik
Przyroda;Morze;łatwe;Jak nazywa się duża ryba, która ma bardzo ostre zęby i płetwę na grzbiecie?;Rekin;Złota rybka;Konik morski
Bajki i Legendy;Polskie Legendy;średnie;Co warszawski Bazyliszek robił z ludźmi, gdy na nich spojrzał?;Zmieniał ich w kamień;Zmieniał ich w żaby;Rozśmieszał ich
Bajki i Legendy;Postacie;łatwe;Jak ma na imię siostra Elzy z bajki "Kraina Lodu"?;Anna;Bella;Jasmina
Bajki i Legendy;Klasyka;średnie;Jak nazywał się dom Baby Jagi?;Chatka na kurzej łapce;Zamek z piasku;Pałac ze złota
Bajki i Legendy;Postacie;łatwe;Z czego zbudowany był bałwanek Olaf?;Ze śniegu;Z waty;Z plasteliny
Bajki i Legendy;Klasyka;średnie;Co połknął wilk w bajce o Czerwonym Kapturku?;Babcię i Kapturka;Trzy świnki;Siedem krasnoludków
Bajki i Legendy;Superbohaterowie;średnie;Który superbohater potrafi latać i ma na piersi wielką literę S?;Superman;Batman;Spiderman
Polska i Świat;Symbole;łatwe;Jakie jest nasze polskie godło?;Biały orzeł w koronie;Lew;Smok
Polska i Świat;Geografia;średnie;Która rzeka przepływa przez Warszawę i Kraków?;Wisła;Odra;Warta
Polska i Świat;Tradycje;łatwe;Co dzieci znajdują w butach rano 6 grudnia?;Prezenty od Mikołaja;Wodę;Piasek
Polska i Świat;Miasta;średnie;Z jakiego miasta pochodzą pyszne pierniki?;Toruń;Gdańsk;Poznań
Codzienne Odkrycia;Czas;łatwe;Kiedy na niebie widać gwiazdy i księżyc?;W nocy;W dzień;W południe
Codzienne Odkrycia;Czas;średnie;Jak nazywa się pora dnia, kiedy słońce wstaje?;Rano;Wieczór;Noc
Codzienne Odkrycia;Pogoda;średnie;Co powstaje z zamarzniętych kropelek wody, które spadają z nieba zimą?;Śnieg;Deszcz;Liście
Codzienne Odkrycia;Kosmos;średnie;Z czego zbudowane są gwiazdy, które widzimy w nocy?;Z gorących gazów;Z papieru;Z lodu
Codzienne Odkrycia;Ciało;średnie;Czym słyszymy muzykę i głosy?;Uszami;Oczami;Nosem
Codzienne Odkrycia;Higiena;łatwe;Co należy zrobić z rękami, gdy wrócimy z dworu?;Umyć je mydłem;Wycierać o spodnie;Nic nie robić
Kulinaria;Jedzenie;średnie;Jaki kolor ma ogórek?;Zielony;Niebieski;Żółty
Kulinaria;Jedzenie;łatwe;Co pszczoły zbierają z kwiatów, żeby zrobić miód?;Pyłek i nektar;Wodę;Ziemię
Kulinaria;Jedzenie;średnie;Z czego robi się makaron?;Z mąki i wody;Z cukru;Z owoców
Bezpieczeństwo;Ruch drogowy;średnie;Co musi zrobić samochód, gdy człowiek wchodzi na pasy?;Zatrzymać się;Przyśpieszyć;Trąbić
Bezpieczeństwo;Numery;średnie;Jakiego koloru jest mundur policjanta?;Granatowy;Pomarańczowy;Różowy
Zawody;Praca;średnie;Kto bada nasze gardło i przepisuje syrop, gdy jesteśmy chorzy?;Lekarz;Fryzjer;Kucharz
Zawody;Praca;średnie;Kto piecze rano świeże bułeczki i chleb?;Piekarz;Malarz;Policjant
Sport;Zabawa;łatwe;W co gramy, kiedy musimy trafić pomarańczową piłką do kosza?;Koszykówka;Piłka nożna;Pływanie
Sport;Zabawa;średnie;Na czym jeździmy zimą z górki, trzymając się sznurka?;Na sankach;Na rowerze;Na hulajnodze
Przyroda;Zwierzęta;średnie;Jak nazywa się ptak, który nie buduje własnego gniazda i podrzuca jajka innym?;Kukułka;Wróbel;Gołąb
Przyroda;Zwierzęta;średnie;Które zwierzę potrafi zmieniać kolor skóry, aby upodobnić się do otoczenia?;Kameleon;Żaba;Jaszczurka
Przyroda;Zwierzęta;łatwe;Gdzie mieszkają kury i koguty na wsi?;W kurniku;W budzie;W norze
Przyroda;Zwierzęta;średnie;Jak nazywa się samiec owcy, który ma kręcone rogi?;Baran;Kozioł;Byk
Przyroda;Las;łatwe;Jak nazywają się jadalne owoce leśne, które są małe, okrągłe i granatowe?;Jagody;Maliny;Kasztany
Przyroda;Las;średnie;Który ptak nocny słynie z tego, że ma bardzo duże oczy i kręci głową dookoła?;Sowa;Dzięcioł;Jastrząb
Przyroda;Morze;średnie;Z czego zrobione są wyspy na oceanie, które budują malutkie zwierzątka?;Z koralowca;Z plastiku;Z piasku
Bajki i Legendy;Polskie Legendy;średnie;Co według legendy rzucił szewczyk Dratewka pod nogi smokowi?;Skórę barana z siarką;Kamień;Worek mąki
Bajki i Legendy;Postacie;łatwe;Jak nazywa się drewniany pajacyk, któremu rośnie nos, gdy kłamie?;Pinokio;Piotruś Pan;Kubuś Puchatek
Bajki i Legendy;Klasyka;średnie;W co zamienił się brzydki kaczorek w bajce Andersena?;W łabędzia;W gęś;W indyka
Bajki i Legendy;Postacie;łatwe;Jak ma na imię mały piesek z plamką, który ma własną bajkę?;Reksio;Burek;Pikuś
Bajki i Legendy;Klasyka;średnie;Jakiego koloru był kapturek dziewczynki, która szła do babci?;Czerwonego;Niebieskiego;Zielonego
Bajki i Legendy;Superbohaterowie;średnie;Który superbohater jest bardzo silny, zielony i złości się, gdy walczy?;Hulk;Iron Man;Batman
Polska i Świat;Symbole;łatwe;Jak nazywa się polski taniec narodowy, w którym tancerze szybko wirują?;Krakowiak;Balet;Taniec nowoczesny
Polska i Świat;Geografia;średnie;Jak nazywa się kraina w Polsce, gdzie jest bardzo dużo jezior?;Mazury;Góry;Pustynia
Polska i Świat;Tradycje;łatwe;Co robimy w wieczór 24 grudnia przed jedzeniem kolacji?;Dzielimy się opłatkiem;Malujemy jajka;Puszczamy fajerwerki
Polska i Świat;Miasta;średnie;Jak nazywa się miasto nad morzem, w którym znajduje się słynny dźwig Żuraw?;Gdańsk;Kraków;Zakopane
Codzienne Odkrycia;Czas;łatwe;Co następuje zaraz po wieczorze, gdy idziemy spać?;Noc;Południe;Rano
Codzienne Odkrycia;Czas;średnie;Jak nazywa się dzień, który był wczoraj (dzień przed dzisiejszym)?;Wczoraj;Jutro;Pojutrze
Codzienne Odkrycia;Pogoda;średnie;Co musimy wziąć z domu, gdy na dworze mocno wieje i pada deszcz?;Parasol;Okulary przeciwsłoneczne;Wiatraczek
Codzienne Odkrycia;Kosmos;średnie;Która planeta ma wokół siebie wielkie, widoczne pierścienie?;Saturn;Ziemia;Mars
Codzienne Odkrycia;Ciało;średnie;Czym czujesz, że jedzenie jest słodkie lub słone?;Językiem;Nosem;Palcami
Codzienne Odkrycia;Higiena;łatwe;Czym wycieramy ciało po kąpieli, żeby być suchym?;Ręcznikiem;Kocem;Ubraniem
Kulinaria;Jedzenie;średnie;Z czego robi się tradycyjne polskie pierogi?;Z ciasta i farszu;Z cukierków;Z trawy
Kulinaria;Jedzenie;łatwe;Jaki kolor ma banan, gdy jest już dobry do zjedzenia?;Żółty;Fioletowy;Zielony
Kulinaria;Jedzenie;średnie;Co jest potrzebne, żeby herbata była słodka?;Cukier lub miód;Sól;Pieprz
Bezpieczeństwo;Ruch drogowy;średnie;Gdzie powinniśmy iść, jeśli nie ma chodnika?;Początkowo lewą stroną drogi;Środkiem;Prawą stroną
Bezpieczeństwo;Numery;średnie;Jak nazywa się auto, które przewozi chorych ludzi do szpitala?;Ambulans (Karetka);Radiowóz;Śmieciarka
Zawody;Praca;średnie;Kto sprawdza nasze oczy i dobiera okulary?;Okulista;Dentysta;Weterynarz
Zawody;Praca;średnie;Kto pracuje w kopalni głęboko pod ziemią?;Górnik;Marynarz;Rolnik
Sport;Zabawa;łatwe;Na czym zjeżdżamy na placu zabaw, siedząc na górze?;Na zjeżdżalni;Na huśtawce;W piaskownicy
Sport;Zabawa;średnie;Ilu graczy gra w tenisa przeciwko sobie w meczu pojedynczym?;Dwóch;Dziesięciu;Jeden
Przyroda;Zwierzęta;średnie;Jak nazywa się największy ptak świata, który ma bardzo długie nogi i nie potrafi latać?;Struś;Bocian;Orzeł
Przyroda;Zwierzęta;łatwe;Który owad ma skrzydła w kolorowe wzory i najpierw był gąsienicą?;Motyl;Mucha;Pszczoła
Przyroda;Zwierzęta;średnie;Jak nazywa się samiec kury, który budzi wszystkich rano swoim pianiem?;Kogut;Indyk;Kaczor
Przyroda;Zwierzęta;łatwe;Gdzie mieszkają dzikie zwierzęta, które możemy odwiedzić w mieście?;W ZOO;W kinie;W sklepie
Przyroda;Las;średnie;Jak nazywa się młody las, w którym rosną małe drzewka?;Młodnik;Pustynia;Łąka
Przyroda;Las;łatwe;Które leśne zwierzę ma rude futro i bardzo puszysty ogon?;Lis;Wilk;Dzik
Przyroda;Morze;średnie;Jak nazywa się czerwone zwierzę z kleszczami, które chodzi po dnie boczkiem?;Krab;Ryba;Meduza
Bajki i Legendy;Polskie Legendy;średnie;Kogo uratował Szewczyk Dratewka, zanim spotkał smoka?;Mrówki i pszczoły;Krasnoludki;Wilka
Bajki i Legendy;Postacie;łatwe;Jak ma na imię wyścigowy samochód, który jest czerwony i ma numer 95?;Zygzak McQueen;Złomek;Luigi
Bajki i Legendy;Klasyka;średnie;Z czego zrobione były pantofelki Kopciuszka?;Ze szkła;Ze złota;Z drewna
Bajki i Legendy;Postacie;łatwe;Jak nazywa się miś, który mieszka w Stumilowym Lesie i kocha miód?;Kubuś Puchatek;Miś Uszatek;Paddington
Bajki i Legendy;Klasyka;średnie;Kto zbudował domki, które próbował zdmuchnąć zły wilk?;Trzy świnki;Siedem kożuszków;Krasnoludki
Bajki i Legendy;Superbohaterowie;średnie;Który bohater wspina się po ścianach i strzela siecią?;Spiderman;Batman;Hulk
Polska i Świat;Symbole;łatwe;Jak nazywa się piosenka, którą śpiewamy, gdy ktoś ma urodziny?;Sto lat;Hymn;Kołysanka
Polska i Świat;Geografia;średnie;Jak nazywa się najwyższa góra w Polsce?;Rysy;Śnieżka;Giewont
Polska i Świat;Tradycje;łatwe;Co wieszamy na drzwiach lub oknie, żeby święty Mikołaj wiedział, gdzie zostawić prezent?;Skarpetę;Czapkę;Rękawiczkę
Polska i Świat;Miasta;średnie;W którym mieście znajduje się słynny zamek Królewski na Wawelu?;Kraków;Warszawa;Gdańsk
Codzienne Odkrycia;Czas;łatwe;Który dzień tygodnia następuje po sobocie i jest wolny od pracy?;Niedziela;Poniedziałek;Piątek
Codzienne Odkrycia;Czas;średnie;Jak nazywa się pora dnia, kiedy słońce jest najwyżej i jemy obiad?;Południe;Północ;Wieczór
Codzienne Odkrycia;Pogoda;średnie;Co wkładamy na nogi, gdy chcemy skakać po kałużach w deszczu?;Kalosze;Sandały;Kapcie
Codzienne Odkrycia;Kosmos;średnie;Czym podróżują ludzie, żeby dolecieć na Księżyc?;Rakietą;Samolotem;Balonem
Codzienne Odkrycia;Ciało;średnie;Dzięki czemu Twoje ciało jest sztywne i możesz stać prosto?;Dzięki kościom;Dzięki włosom;Dzięki ubraniu
Codzienne Odkrycia;Higiena;łatwe;Co robimy, gdy chcemy mieć czyste i pachnące włosy?;Myjemy je szamponem;Czeszemy palcem;Posypujemy piaskiem
Kulinaria;Jedzenie;średnie;Z czego robi się biały twarożek?;Z mleka;Z mąki;Z wody
Kulinaria;Jedzenie;łatwe;Jaki kolor ma dojrzała truskawka?;Czerwony;Zielony;Niebieski
Kulinaria;Jedzenie;średnie;Co jest głównym składnikiem frytek?;Ziemniaki;Jabłka;Marchewki
Bezpieczeństwo;Ruch drogowy;średnie;Jaki kolor światła oznacza, że można bezpiecznie przejść przez ulicę?;Zielony;Czerwony;Żółty
Bezpieczeństwo;Numery;średnie;Kogo wezwiemy, dzwoniąc pod numer 998?;Straż Pożarną;Policję;Pogotowie
Zawody;Praca;średnie;Kto sprząta ulice i zabiera śmieci wielkim samochodem?;Śmieciarz;Listonosz;Kucharz
Zawody;Praca;średnie;Kto robi zdjęcia aparatem podczas uroczystości?;Fotograf;Malarz;Muzyk
Sport;Zabawa;łatwe;Na czym jeździmy, siedząc w wagonikach, które mkną bardzo szybko po szynach w wesołym miasteczku?;Na kolejce górskiej;Na karuzeli;Na huśtawce
Sport;Zabawa;średnie;W jakim sporcie zawodnicy pływają w basenie?;Pływanie;Bieganie;Jazda konna
Przyroda;Zwierzęta;średnie;Jak nazywa się największy ssak morski, który żyje w oceanie?;Wieloryb;Delfin;Rekin
Przyroda;Zwierzęta;łatwe;Które zwierzę ma długi ogon, skacze po drzewach i lubi jeść orzeszki?;Wiewiórka;Zając;Lis
Język Angielski;Przetłumacz na polski;łatwe;Co oznacza angielskie słowo "DOG"?;Pies;Kot;Chomik
Język Angielski;Przetłumacz na polski;łatwe;Co oznacza angielskie słowo "CAT"?;Kot;Pies;Mysz
Język Angielski;Przetłumacz na polski;łatwe;Co oznacza angielskie słowo "APPLE"?;Jabłko;Banan;Gruszka
Język Angielski;Przetłumacz na polski;łatwe;Jak powiesz po polsku "HELLO"?;Cześć;Dobranoc;Dziękuję
Język Angielski;Przetłumacz na polski;łatwe;Co oznacza kolor "RED"?;Czerwony;Niebieski;Zielony
Język Angielski;Przetłumacz na polski;łatwe;Co oznacza kolor "BLUE"?;Niebieski;Żółty;Czarny
Język Angielski;Przetłumacz na polski;łatwe;Co oznacza kolor "YELLOW"?;Żółty;Czerwony;Biały
Język Angielski;Przetłumacz na polski;łatwe;Co oznacza słowo "MUM"?;Mama;Tata;Babcia
Język Angielski;Przetłumacz na polski;łatwe;Co oznacza słowo "DAD"?;Tata;Dziadek;Brat
Język Angielski;Przetłumacz na polski;średnie;Co oznacza słowo "WATER"?;Woda;Sok;Mleko
Język Angielski;Przetłumacz na polski;średnie;Ile to jest "ONE"?;Jeden;Dwa;Trzy
Język Angielski;Przetłumacz na polski;średnie;Ile to jest "TWO"?;Dwa;Jeden;Cztery
Język Angielski;Przetłumacz na polski;średnie;Ile to jest "THREE"?;Trzy;Pięć;Sześć
Język Angielski;Przetłumacz na polski;średnie;Co oznacza słowo "SUN"?;Słońce;Księżyc;Gwiazda
Język Angielski;Przetłumacz na polski;średnie;Co oznacza słowo "CAR"?;Samochód;Rower;Pociąg
Język Angielski;Przetłumacz na polski;średnie;Co oznacza słowo "BALL"?;Piłka;Lalka;Auto
Język Angielski;Przetłumacz na polski;trudne;Co oznacza słowo "BOOK"?;Książka;Zeszyt;Ołówek
Język Angielski;Przetłumacz na polski;trudne;Co oznacza słowo "HOUSE"?;Dom;Szkoła;Ogród
Język Angielski;Przetłumacz na polski;trudne;Co oznacza słowo "TREE"?;Drzewo;Kwiat;Trawa
Język Angielski;Przetłumacz na polski;trudne;Co oznacza słowo "BIRD"?;Ptak;Ryba;Motyl
Język Angielski;Przetłumacz na polski;średnie;Jak powiesz po polsku "GOODBYE"?;Do widzenia;Proszę;Przepraszam
Język Angielski;Przetłumacz na polski;średnie;Co oznacza słowo "FISH"?;Ryba;Żaba;Kaczka
Język Angielski;Przetłumacz na polski;łatwe;Co oznacza kolor "GREEN"?;Zielony;Różowy;Pomarańczowy
Język Angielski;Przetłumacz na polski;średnie;Co oznacza słowo "MILK"?;Mleko;Woda;Herbata
Język Angielski;Przetłumacz na angielski;łatwe;Jak po angielsku jest "PIES"?;Dog;Cat;Mouse
Język Angielski;Przetłumacz na angielski;łatwe;Jak po angielsku jest "KOT"?;Cat;Dog;Rabbit
Język Angielski;Przetłumacz na angielski;łatwe;Jak po angielsku powiesz "DZIĘKUJĘ"?;Thank you;Please;Sorry
Język Angielski;Przetłumacz na angielski;łatwe;Jak jest "CZERWONY" po angielsku?;Red;Blue;Green
Język Angielski;Przetłumacz na angielski;łatwe;Jak jest "NIEBIESKI" po angielsku?;Blue;Red;Yellow
Język Angielski;Przetłumacz na angielski;łatwe;Jak po angielsku jest "MAMA"?;Mum;Dad;Sister
Język Angielski;Przetłumacz na angielski;łatwe;Jak po angielsku jest "TATA"?;Dad;Mum;Brother
Język Angielski;Przetłumacz na angielski;średnie;Jak jest "JEDEN" po angielsku?;One;Two;Three
Język Angielski;Przetłumacz na angielski;średnie;Jak jest "DWA" po angielsku?;Two;One;Five
Język Angielski;Przetłumacz na angielski;średnie;Jak jest "TRZY" po angielsku?;Three;Four;Ten
Język Angielski;Przetłumacz na angielski;średnie;Jak po angielsku jest "SŁOŃCE"?;Sun;Moon;Star
Język Angielski;Przetłumacz na angielski;średnie;Jak po angielsku jest "SAMOCHÓD"?;Car;Bus;Bike
Język Angielski;Przetłumacz na angielski;średnie;Jak po angielsku jest "PIŁKA"?;Ball;Doll;Teddy
Język Angielski;Przetłumacz na angielski;średnie;Jak po angielsku jest "MLEKO"?;Milk;Water;Juice
Język Angielski;Przetłumacz na angielski;trudne;Jak po angielsku jest "DOM"?;House;School;Shop
Język Angielski;Przetłumacz na angielski;trudne;Jak po angielsku jest "KSIĄŻKA"?;Book;Pen;Paper
Język Angielski;Przetłumacz na angielski;trudne;Jak po angielsku jest "DRZEWO"?;Tree;Flower;Leaf
Język Angielski;Przetłumacz na angielski;trudne;Jak po angielsku jest "PTAK"?;Bird;Fish;Cow
Język Angielski;Przetłumacz na angielski;średnie;Jak jest "RÓŻOWY" po angielsku?;Pink;Black;White
Język Angielski;Przetłumacz na angielski;średnie;Jak jest "CZARNY" po angielsku?;Black;White;Grey
Język Angielski;Przetłumacz na angielski;średnie;Jak jest "BIAŁY" po angielsku?;White;Black;Brown
Język Angielski;Przetłumacz na angielski;łatwe;Jak po angielsku powiesz "CZEŚĆ"?;Hello;Goodbye;Yes
Język Angielski;Przetłumacz na angielski;średnie;Jak po angielsku jest "RYBA"?;Fish;Shark;Whale
Język Angielski;Przetłumacz na angielski;średnie;Jak po angielsku jest "SKAKAĆ"?;Jump;Run;Sleep
Język Angielski;Przetłumacz na angielski;średnie;Jak po angielsku jest "BIEGAĆ"?;Run;Jump;Sit
Język Angielski;Przetłumacz na angielski;średnie;Jak po angielsku jest "SŁOŃ"?;Elephant;Lion;Tiger
Język Angielski;Przetłumacz na angielski;trudne;Jak jest "DZIESIĘĆ" po angielsku?;Ten;Seven;Nine
Język Angielski;Przetłumacz na angielski;średnie;Jak po angielsku jest "SZKOŁA"?;School;Home;Work
Język Angielski;Przetłumacz na angielski;łatwe;Jak po angielsku powiesz "TAK"?;Yes;No;Maybe
Język Angielski;Przetłumacz na angielski;łatwe;Jak po angielsku powiesz "NIE"?;No;Yes;Please
Język Angielski;Przetłumacz na polski;średnie;Co oznacza słowo "SISTER"?;Siostra;Brat;Koleżanka
Język Angielski;Przetłumacz na polski;średnie;Co oznacza słowo "BROTHER"?;Brat;Siostra;Kolega
Język Angielski;Przetłumacz na polski;średnie;Co oznacza słowo "BABY"?;Dziecko;Dziadek;Pies
Język Angielski;Przetłumacz na polski;średnie;Co oznacza słowo "SMILE"?;Uśmiech;Smutek;Złość
Język Angielski;Przetłumacz na polski;średnie;Co oznacza słowo "RAIN"?;Deszcz;Śnieg;Wiatr
Język Angielski;Przetłumacz na polski;łatwe;Co oznacza kolor "ORANGE"?;Pomarańczowy;Fioletowy;Brązowy
Język Angielski;Przetłumacz na angielski;średnie;Jak po angielsku jest "MYSZ"?;Mouse;Rat;Hamster
Język Angielski;Przetłumacz na angielski;średnie;Jak po angielsku jest "KROWA"?;Cow;Pig;Sheep
Język Angielski;Przetłumacz na angielski;średnie;Jak po angielsku jest "ŚWINKA"?;Pig;Cow;Horse
Język Angielski;Przetłumacz na angielski;trudne;Jak po angielsku jest "KWIAT"?;Flower;Tree;Grass
Język Angielski;Przetłumacz na angielski;średnie;Jak po angielsku jest "GWIAZDA"?;Star;Sun;Moon
Język Angielski;Przetłumacz na polski;średnie;Co oznacza angielskie słowo "BEAR"?;Niedźwiedź;Wilk;Zając
Język Angielski;Przetłumacz na polski;średnie;Co oznacza słowo "BEE"?;Pszczoła;Osa;Mucha
Język Angielski;Przetłumacz na polski;łatwe;Co oznacza słowo "PEN"?;Długopis;Ołówek;Gumka
Język Angielski;Przetłumacz na angielski;średnie;Jak po angielsku jest "KURA"?;Chicken;Duck;Bird
Język Angielski;Przetłumacz na angielski;średnie;Jak po angielsku jest "KACZKA"?;Duck;Chicken;Swan
Język Angielski;Przetłumacz na angielski;średnie;Jak po angielsku jest "ŁABĘDŹ"?;Swan;Duck;Goose
Język Angielski;Przetłumacz na angielski;średnie;Jak po angielsku jest "GĘŚ"?;Goose;Swan;Duck
Język Angielski;Przetłumacz na angielski;średnie;Jak po angielsku jest "KONIK MORSKI"?;Seahorse;Shark;Whale
Język Angielski;Przetłumacz na polski;łatwe;Co oznacza słowo "BUNNY"?;Króliczek;Chomik;Kot
Język Angielski;Przetłumacz na polski;średnie;Co oznacza słowo "HAPPY"?;Wesoły;Smutny;Głodny
Język Angielski;Przetłumacz na polski;średnie;Co oznacza słowo "SAD"?;Smutny;Wesoły;Zły
Język Angielski;Przetłumacz na polski;łatwe;Co oznacza słowo "BOX"?;Pudełko;Zabawka;Prezent
Język Angielski;Przetłumacz na polski;średnie;Co oznacza słowo "SKY"?;Niebo;Ziemia;Woda
Język Angielski;Przetłumacz na polski;średnie;Co oznacza słowo "MOON"?;Księżyc;Słońce;Chmura
Język Angielski;Przetłumacz na polski;łatwe;Co oznacza słowo "BALLOON"?;Balon;Piłka;Latawiec
Język Angielski;Przetłumacz na polski;średnie;Jak powiesz po polsku "I LOVE YOU"?;Kocham Cię;Dziękuję;Dzień dobry
Język Angielski;Przetłumacz na polski;średnie;Ile to jest "FOUR"?;Cztery;Trzy;Pięć
Język Angielski;Przetłumacz na polski;średnie;Ile to jest "FIVE"?;Pięć;Sześć;Cztery
Język Angielski;Przetłumacz na polski;trudne;Co oznacza słowo "LION"?;Lew;Tygrys;Pantera
Język Angielski;Przetłumacz na polski;trudne;Co oznacza słowo "MONKEY"?;Małpa;Słoń;Żyrafa
Język Angielski;Przetłumacz na polski;średnie;Co oznacza słowo "SHOES"?;Buty;Skarpetki;Spodnie
Język Angielski;Przetłumacz na polski;średnie;Co oznacza słowo "HAT"?;Czapka;Koszulka;Kurtka
Język Angielski;Przetłumacz na polski;trudne;Co oznacza słowo "BED"?;Łóżko;Krzesło;Stół
Język Angielski;Przetłumacz na polski;trudne;Co oznacza słowo "CHAIR"?;Krzesło;Ławka;Kanapa
Język Angielski;Przetłumacz na angielski;łatwe;Jak jest "ŻÓŁTY" po angielsku?;Yellow;Red;Pink
Język Angielski;Przetłumacz na angielski;łatwe;Jak jest "ZIELONY" po angielsku?;Green;Blue;White
Język Angielski;Przetłumacz na angielski;łatwe;Jak jest "POMARAŃCZOWY" po angielsku?;Orange;Purple;Brown
Język Angielski;Przetłumacz na angielski;średnie;Jak po angielsku jest "SZEŚĆ"?;Six;Seven;Eight
Język Angielski;Przetłumacz na angielski;średnie;Jak po angielsku jest "SIEDEM"?;Seven;Six;Nine
Język Angielski;Przetłumacz na angielski;średnie;Jak po angielsku jest "OSIEM"?;Eight;Ten;Five
Język Angielski;Przetłumacz na angielski;średnie;Jak po angielsku jest "DZIEWIĘĆ"?;Nine;One;Four
Język Angielski;Przetłumacz na angielski;średnie;Jak po angielsku jest "KROKODYL"?;Crocodile;Snake;Frog
Język Angielski;Przetłumacz na angielski;średnie;Jak po angielsku jest "MOTYL"?;Butterfly;Bee;Spider
Język Angielski;Przetłumacz na angielski;średnie;Jak po angielsku jest "POCIĄG"?;Train;Plane;Boat
Język Angielski;Przetłumacz na angielski;średnie;Jak po angielsku jest "SAMOLOT"?;Plane;Car;Train
Język Angielski;Przetłumacz na angielski;średnie;Jak po angielsku jest "RĘKA"?;Hand;Foot;Head
Język Angielski;Przetłumacz na angielski;średnie;Jak po angielsku jest "NOGA"?;Leg;Arm;Nose
Język Angielski;Przetłumacz na angielski;średnie;Jak po angielsku jest "OKO"?;Eye;Ear;Mouth
Język Angielski;Przetłumacz na angielski;średnie;Jak po angielsku jest "UCHO"?;Ear;Eye;Nose
Język Angielski;Przetłumacz na angielski;trudne;Jak po angielsku jest "PUDELKO"?;Box;Bag;Cup
Język Angielski;Przetłumacz na angielski;trudne;Jak po angielsku jest "HERBATA"?;Tea;Coffee;Juice
Język Angielski;Przetłumacz na angielski;trudne;Jak po angielsku jest "CIASTKO"?;Cookie;Cake;Bread
Język Angielski;Przetłumacz na angielski;trudne;Jak po angielsku jest "LODY"?;Ice cream;Chocolate;Candy
Język Angielski;Przetłumacz na angielski;średnie;Jak po angielsku powiesz "LATAĆ"?;Fly;Swim;Walk
Język Angielski;Przetłumacz na angielski;średnie;Jak po angielsku powiesz "PŁYWAĆ"?;Swim;Jump;Sleep
Język Angielski;Przetłumacz na angielski;średnie;Jak po angielsku powiesz "SPAĆ"?;Sleep;Eat;Drink
Język Angielski;Przetłumacz na angielski;średnie;Jak po angielsku powiesz "JEŚĆ"?;Eat;Drink;Play
Przyroda;Zwierzęta;średnie;Jak nazywa się zwierzę, które ma worek na brzuchu do noszenia dzieci?;Kangur;Koala;Panda
Przyroda;Zwierzęta;łatwe;Które zwierzę jest nazywane królem dżungli?;Lew;Tygrys;Małpa
Przyroda;Zwierzęta;średnie;Ile nóg ma mucha?;Sześć;Osiem;Cztery
Przyroda;Zwierzęta;łatwe;Które zwierzę ma białe i czarne paski?;Zebra;Tygrys;Krowa
Przyroda;Las;średnie;Z czego robi się papier?;Z drewna;Z piasku;Z plastiku
Przyroda;Las;łatwe;Jak nazywa się owoc sosny?;Szyszka;Kasztan;Żołądź
Przyroda;Zwierzęta;średnie;Jak nazywa się ptak, który mieszka na wsi i budzi nas rano?;Kogut;Kura;Indyk
Przyroda;Zwierzęta;łatwe;Co jedzą konie?;Siano i owies;Mięso;Cukierki
Przyroda;Zwierzęta;średnie;Jak nazywa się największa ryba, która wcale nie jest rybą, tylko ssakiem?;Wieloryb;Rekin;Delfin
Bajki i Legendy;Postacie;łatwe;Kto mieszka w Stumilowym Lesie i bardzo lubi "małe nieco"?;Kubuś Puchatek;Prosiaczek;Kłapouchy
Bajki i Legendy;Postacie;średnie;Jak nazywa się chłopiec, który nie chciał dorosnąć i umiał latać?;Piotruś Pan;Pinokio;Tarzan
Bajki i Legendy;Postacie;łatwe;Jak ma na imię renifer, który ma czerwony nos?;Rudolf;Sven;Bambi
Polska i Świat;Symbole;średnie;Jak nazywa się największa rzeka w Polsce?;Wisła;Odra;Warta
Polska i Świat;Tradycje;łatwe;Co pieczemy na Boże Narodzenie i ozdabiamy kolorowym lukrem?;Pierniczki;Pączki;Sernik
Codzienne Odkrycia;Pogoda;łatwe;Z czego zrobione są białe chmury?;Z wody;Z dymu;Z waty
Codzienne Odkrycia;Kosmos;średnie;Jak nazywa się nasz dom we wszechświecie?;Ziemia;Mars;Księżyc
Codzienne Odkrycia;Ciało;łatwe;Ile masz oczu?;Dwa;Jedno;Trzy
Kulinaria;Jedzenie;średnie;Jak nazywa się zupa zrobiona z czerwonych buraków?;Barszcz;Pomidorowa;Rosół
Kulinaria;Jedzenie;łatwe;Z czego robi się biały ser?;Z mleka;Z mąki;Z soli
Zawody;Praca;średnie;Kto przynosi nam listy i paczki do domu?;Listonosz;Kurier;Policjant
Zawody;Praca;łatwe;Kto gotuje pyszne jedzenie w restauracji?;Kucharz;Kelner;Sprzedawca
Sport;Zabawa;średnie;Na czym jeździmy zimą po śniegu, mając dwie długie deski na nogach?;Na nartach;Na łyżwach;Na sankach
Język Angielski;Przetłumacz na polski;łatwe;Co oznacza angielskie słowo "ICE CREAM"?;Lody;Czekolada;Ciastko
Język Angielski;Przetłumacz na polski;łatwe;Co oznacza słowo "BEE"?;Pszczoła;Osa;Mucha
Język Angielski;Przetłumacz na polski;średnie;Co oznacza słowo "GREEN"?;Zielony;Niebieski;Żółty
Język Angielski;Przetłumacz na polski;średnie;Co oznacza słowo "RAINBOW"?;Tęcza;Deszcz;Chmura
Język Angielski;Przetłumacz na polski;średnie;Co oznacza słowo "FRIEND"?;Przyjaciel;Nauczyciel;Brat
Język Angielski;Przetłumacz na polski;średnie;Jak powiesz po polsku "PLEASE"?;Proszę;Dziękuję;Przepraszam
Język Angielski;Przetłumacz na polski;średnie;Co oznacza słowo "HEAD"?;Głowa;Ręka;Noga
Język Angielski;Przetłumacz na polski;średnie;Co oznacza słowo "NOSE"?;Nos;Oko;Ucho
Język Angielski;Przetłumacz na polski;średnie;Co oznacza słowo "MOUTH"?;Buzia/Usta;Nos;Czoło
Język Angielski;Przetłumacz na polski;trudne;Co oznacza słowo "SHOULDER"?;Ramię;Kolano;Stopa
Język Angielski;Przetłumacz na polski;trudne;Co oznacza słowo "KNEE"?;Kolano;Łokieć;Palec
Język Angielski;Przetłumacz na polski;trudne;Co oznacza słowo "FEET"?;Stopy;Dłonie;Oczy
Język Angielski;Przetłumacz na polski;łatwe;Co oznacza słowo "STAR"?;Gwiazda;Słońce;Księżyc
Język Angielski;Przetłumacz na polski;średnie;Ile to jest "SIX"?;Sześć;Siedem;Osiem
Język Angielski;Przetłumacz na polski;średnie;Ile to jest "SEVEN"?;Siedem;Pięć;Dziewięć
Język Angielski;Przetłumacz na polski;średnie;Ile to jest "EIGHT"?;Osiem;Dziesięć;Sześć
Język Angielski;Przetłumacz na polski;średnie;Ile to jest "NINE"?;Dziewięć;Siedem;Osiem
Język Angielski;Przetłumacz na polski;średnie;Ile to jest "TEN"?;Dziesięć;Zero;Jeden
Język Angielski;Przetłumacz na polski;trudne;Co oznacza słowo "BEDROOM"?;Sypialnia;Kuchnia;Łazienka
Język Angielski;Przetłumacz na polski;trudne;Co oznacza słowo "KITCHEN"?;Kuchnia;Ogród;Garaż
Język Angielski;Przetłumacz na polski;średnie;Co oznacza słowo "SNAKE"?;Wąż;Jaszczurka;Żaba
Język Angielski;Przetłumacz na polski;średnie;Co oznacza słowo "SPIDER"?;Pająk;Mucha;Komar
Język Angielski;Przetłumacz na polski;trudne;Co oznacza słowo "WINDOW"?;Okno;Drzwi;Podłoga
Język Angielski;Przetłumacz na polski;trudne;Co oznacza słowo "DOOR"?;Drzwi;Okno;Ściana
Język Angielski;Przetłumacz na polski;średnie;Co oznacza słowo "DRESS"?;Sukienka;Spodnie;Koszulka
Język Angielski;Przetłumacz na polski;średnie;Co oznacza słowo "T-SHIRT"?;Koszulka;Buty;Czapka
Język Angielski;Przetłumacz na polski;średnie;Jak powiesz po polsku "HELP!"?;Pomocy!;Uważaj!;Stój!
Język Angielski;Przetłumacz na polski;średnie;Co oznacza słowo "COW"?;Krowa;Koń;Świnia
Język Angielski;Przetłumacz na polski;średnie;Co oznacza słowo "SHEEP"?;Owca;Koza;Kura
Język Angielski;Przetłumacz na polski;średnie;Co oznacza słowo "HORSE"?;Koń;Osioł;Pies
Język Angielski;Przetłumacz na angielski;łatwe;Jak po angielsku jest "GRUSZKA"?;Pear;Apple;Orange
Język Angielski;Przetłumacz na angielski;łatwe;Jak po angielsku jest "TRUSKAWKA"?;Strawberry;Banana;Lemon
Język Angielski;Przetłumacz na angielski;łatwe;Jak po angielsku jest "BANAN"?;Banana;Apple;Pear
Język Angielski;Przetłumacz na angielski;średnie;Jak po angielsku jest "SŁOŃCE"?;Sun;Star;Cloud
Język Angielski;Przetłumacz na angielski;średnie;Jak po angielsku jest "CHMURA"?;Cloud;Sun;Moon
Język Angielski;Przetłumacz na angielski;średnie;Jak po angielsku jest "DESZCZ"?;Rain;Snow;Wind
Język Angielski;Przetłumacz na angielski;średnie;Jak po angielsku jest "ŚNIEG"?;Snow;Rain;Sunny
Język Angielski;Przetłumacz na angielski;średnie;Jak po angielsku jest "WIATR"?;Wind;Cloud;Rain
Język Angielski;Przetłumacz na angielski;średnie;Jak po angielsku jest "GORĄCO"?;Hot;Cold;Wet
Język Angielski;Przetłumacz na angielski;średnie;Jak po angielsku jest "ZIMNO"?;Cold;Hot;Dry
Język Angielski;Przetłumacz na angielski;trudne;Jak po angielsku jest "SZYJA"?;Neck;Hand;Leg
Język Angielski;Przetłumacz na angielski;trudne;Jak po angielsku są "WŁOSY"?;Hair;Eyes;Ears
Język Angielski;Przetłumacz na angielski;trudne;Jak po angielsku jest "BUZIA"?;Mouth;Nose;Eye
Język Angielski;Przetłumacz na angielski;średnie;Jak po angielsku jest "BRAT"?;Brother;Sister;Baby
Język Angielski;Przetłumacz na angielski;średnie;Jak po angielsku jest "SIOSTRA"?;Sister;Brother;Mum
Język Angielski;Przetłumacz na angielski;trudne;Jak po angielsku jest "DZIADEK"?;Grandpa;Dad;Uncle
Język Angielski;Przetłumacz na angielski;trudne;Jak po angielsku jest "BABCIA"?;Grandma;Mum;Aunt
Język Angielski;Przetłumacz na angielski;średnie;Jak po angielsku jest "PTAK"?;Bird;Fish;Dog
Język Angielski;Przetłumacz na angielski;średnie;Jak po angielsku jest "ŻABA"?;Frog;Snake;Spider
Język Angielski;Przetłumacz na angielski;średnie;Jak po angielsku jest "KACZKA"?;Duck;Chicken;Bird
Język Angielski;Przetłumacz na angielski;średnie;Jak po angielsku jest "GŁODNY"?;Hungry;Thirsty;Happy
Język Angielski;Przetłumacz na angielski;średnie;Jak po angielsku jest "SPRAGNIONY" (chce mi się pić)?;Thirsty;Hungry;Sleepy
Język Angielski;Przetłumacz na angielski;średnie;Jak po angielsku jest "ŚPIĄCY"?;Sleepy;Angry;Happy
Język Angielski;Przetłumacz na angielski;średnie;Jak po angielsku jest "ZŁY" (rozzłoszczony)?;Angry;Sad;Happy
Język Angielski;Przetłumacz na angielski;średnie;Jak po angielsku jest "MAŁY"?;Small;Big;Long
Język Angielski;Przetłumacz na angielski;średnie;Jak po angielsku jest "DUŻY"?;Big;Small;Short
Język Angielski;Przetłumacz na angielski;średnie;Jak po angielsku jest "ROWER"?;Bike;Car;Bus
Język Angielski;Przetłumacz na angielski;średnie;Jak po angielsku jest "AUTOBUS"?;Bus;Car;Train
Język Angielski;Przetłumacz na angielski;średnie;Jak po angielsku jest "ŁÓDŹ"?;Boat;Plane;Car
Język Angielski;Przetłumacz na angielski;trudne;Jak po angielsku jest "OŁÓWEK"?;Pencil;Pen;Book
Język Angielski;Przetłumacz na angielski;trudne;Jak po angielsku jest "TORBA/PLECAK"?;Bag;Box;Desk
Język Angielski;Przetłumacz na angielski;średnie;Jak jest po angielsku "MOJE IMIĘ TO"?;My name is;Hello;Thank you
Język Angielski;Przetłumacz na angielski;średnie;Jak po angielsku jest "ZABAWKA"?;Toy;Doll;Ball
Język Angielski;Przetłumacz na angielski;średnie;Jak po angielsku jest "LALKA"?;Doll;Toy;Teddy
Język Angielski;Przetłumacz na angielski;średnie;Jak po angielsku jest "MIŚ"?;Teddy bear;Doll;Car
Język Angielski;Przetłumacz na angielski;średnie;Jak po angielsku jest "MAŁPA"?;Monkey;Lion;Elephant
Język Angielski;Przetłumacz na angielski;średnie;Jak po angielsku jest "TYGRYS"?;Tiger;Lion;Cat
Język Angielski;Przetłumacz na angielski;średnie;Jak po angielsku jest "PAPUGA"?;Parrot;Bird;Duck
Język Angielski;Przetłumacz na angielski;średnie;Jak po angielsku jest "SER"?;Cheese;Milk;Bread
Język Angielski;Przetłumacz na angielski;średnie;Jak po angielsku jest "CHLEB"?;Bread;Milk;Egg
Język Angielski;Przetłumacz na angielski;średnie;Jak po angielsku jest "JAJKO"?;Egg;Apple;Bread
Język Angielski;Przetłumacz na angielski;średnie;Jak po angielsku jest "SOK"?;Juice;Water;Milk
Język Angielski;Przetłumacz na polski;łatwe;Co oznacza angielskie słowo "SCHOOL"?;Szkoła;Dom;Sklep
Język Angielski;Przetłumacz na polski;średnie;Co oznacza słowo "SUNNY"?;Słonecznie;Deszczowo;Zimno
Język Angielski;Przetłumacz na polski;średnie;Co oznacza słowo "SNOW"?;Śnieg;Lód;Woda
Język Angielski;Przetłumacz na polski;łatwe;Co oznacza słowo "CAKE"?;Ciasto;Chleb;Cukierek
Język Angielski;Przetłumacz na polski;średnie;Co oznacza słowo "DRINK"?;Pić;Jeść;Spać
Język Angielski;Przetłumacz na polski;średnie;Jak powiesz po polsku "LOOK!"?;Patrz!;Słuchaj!;Chodź!
Język Angielski;Przetłumacz na polski;średnie;Co oznacza słowo "GIRL"?;Dziewczynka;Chłopiec;Dziecko
Język Angielski;Przetłumacz na polski;średnie;Co oznacza słowo "BOY"?;Chłopiec;Dziewczynka;Pan
Język Angielski;Przetłumacz na polski;trudne;Co oznacza słowo "TEACHER"?;Nauczyciel;Uczeń;Dyrektor
Język Angielski;Przetłumacz na polski;trudne;Co oznacza słowo "CLASSROOM"?;Klasa/Sala;Boisko;Stołówka
Język Angielski;Przetłumacz na polski;średnie;Co oznacza słowo "COLORS"?;Kolory;Kredki;Farby
Język Angielski;Przetłumacz na polski;średnie;Co oznacza słowo "PAPER"?;Papier;Długopis;Nożyczki
Język Angielski;Przetłumacz na polski;trudne;Co oznacza słowo "ERASER"?;Gumka do mazania;Ołówek;Linijka
Język Angielski;Przetłumacz na polski;trudne;Co oznacza słowo "RULER"?;Linijka;Gumka;Piórnik
Język Angielski;Przetłumacz na polski;średnie;Jak powiesz po polsku "SIT DOWN"?;Usiądź;Wstań;Biegnij
Język Angielski;Przetłumacz na polski;średnie;Jak powiesz po polsku "STAND UP"?;Wstań;Usiądź;Skacz
Język Angielski;Przetłumacz na polski;średnie;Co oznacza słowo "PLAY"?;Bawić się;Pracować;Spać
Język Angielski;Przetłumacz na polski;średnie;Co oznacza słowo "SING"?;Śpiewać;Tańczyć;Mówić
Język Angielski;Przetłumacz na angielski;łatwe;Jak po angielsku jest "POMIDOR"?;Tomato;Potato;Carrot
Język Angielski;Przetłumacz na angielski;łatwe;Jak po angielsku jest "MARCHEWKA"?;Carrot;Tomato;Onion
Język Angielski;Przetłumacz na angielski;średnie;Jak po angielsku jest "ZIEMNIAK"?;Potato;Carrot;Apple
Język Angielski;Przetłumacz na angielski;średnie;Jak po angielsku jest "GRABIE"?;Rake;Spade;Bucket
Język Angielski;Przetłumacz na angielski;średnie;Jak po angielsku jest "ŁOPATKA" (do piasku)?;Spade;Bucket;Ball
Język Angielski;Przetłumacz na angielski;średnie;Jak po angielsku jest "WIADERKO"?;Bucket;Spade;Toy
Język Angielski;Przetłumacz na angielski;średnie;Jak po angielsku jest "RADOŚĆ" (szczęśliwy)?;Happy;Sad;Angry
Język Angielski;Przetłumacz na angielski;średnie;Jak po angielsku jest "SMUTEK" (smutny)?;Sad;Happy;Funny
Język Angielski;Przetłumacz na angielski;trudne;Jak po angielsku jest "MOTYL"?;Butterfly;Spider;Bee
Język Angielski;Przetłumacz na angielski;trudne;Jak po angielsku jest "BIEDRONKA"?;Ladybird;Butterfly;Fly
Język Angielski;Przetłumacz na angielski;średnie;Jak po angielsku jest "ŚWIAŁO"?;Light;Dark;Sun
Język Angielski;Przetłumacz na angielski;średnie;Jak po angielsku jest "NOC"?;Night;Day;Morning
Język Angielski;Przetłumacz na angielski;średnie;Jak po angielsku jest "DZIEŃ"?;Day;Night;Evening
Język Angielski;Przetłumacz na angielski;średnie;Jak po angielsku jest "PYSZNE"?;Yummy;Yucky;Sweet
Język Angielski;Przetłumacz na angielski;średnie;Jak po angielsku jest "NIEDOBRE" (fuj)?;Yucky;Yummy;Great
Język Angielski;Przetłumacz na angielski;średnie;Jak po angielsku jest "MAŁY PIESEK"?;Puppy;Kitten;Hamster
Język Angielski;Przetłumacz na angielski;średnie;Jak po angielsku jest "MAŁY KOTEK"?;Kitten;Puppy;Bunny
Język Angielski;Przetłumacz na angielski;trudne;Jak po angielsku jest "DOKTOR"?;Doctor;Nurse;Teacher
Język Angielski;Przetłumacz na angielski;trudne;Jak po angielsku jest "POLICJA"?;Police;Fireman;Doctor
Język Angielski;Przetłumacz na angielski;trudne;Jak po angielsku jest "STRAŻAK"?;Fireman;Police;Pilot
Język Angielski;Przetłumacz na angielski;średnie;Jak po angielsku jest "STÓŁ"?;Table;Chair;Bed
Język Angielski;Przetłumacz na angielski;średnie;Jak po angielsku jest "KREDKA"?;Crayon;Pencil;Pen
Język Angielski;Przetłumacz na angielski;średnie;Jak po angielsku jest "FARBY"?;Paints;Crayons;Paper
Język Angielski;Przetłumacz na angielski;średnie;Jak po angielsku jest "SKAKAĆ NA SKAKANCE"?;Jump rope;Run;Swim
Język Angielski;Przetłumacz na angielski;średnie;Jak po angielsku jest "GŁOWA, RAMIONA, KOLANA, PIĘTY" (popularna piosenka)?;Head, shoulders, knees and toes;One, two, three, four;Apple, banana, orange
Język Angielski;Przetłumacz na angielski;średnie;Jak po angielsku jest "DZIECKO"?;Child;Man;Woman
Język Angielski;Przetłumacz na angielski;trudne;Jak po angielsku są "URODZINY"?;Birthday;Christmas;Easter
Język Angielski;Przetłumacz na angielski;trudne;Jak po angielsku jest "PREZENT"?;Present;Toy;Box
Język Angielski;Przetłumacz na angielski;średnie;Jak po angielsku powiesz "CHODŹ TUTAJ"?;Come here;Go away;Sit down
Język Angielski;Przetłumacz na angielski;średnie;Jak po angielsku powiesz "IDŹ TAM"?;Go there;Come here;Stand up
Język Angielski;Przetłumacz na angielski;średnie;Jak po angielsku powiesz "DOBRANOC"?;Good night;Good morning;Hello
Język Angielski;Przetłumacz na polski;łatwe;Co oznacza angielskie słowo "TOY"?;Zabawka;Gra;Książka
Język Angielski;Przetłumacz na polski;średnie;Co oznacza słowo "SUMMER"?;Lato;Zima;Wiosna
Język Angielski;Przetłumacz na polski;średnie;Co oznacza słowo "WINTER"?;Zima;Jesień;Lato
Język Angielski;Przetłumacz na polski;średnie;Co oznacza słowo "SPOON"?;Łyżka;Widelec;Nóż
Język Angielski;Przetłumacz na polski;średnie;Co oznacza słowo "FORK"?;Widelec;Łyżka;Talerz
Język Angielski;Przetłumacz na polski;średnie;Co oznacza słowo "KNIFE"?;Nóż;Łyżka;Kubek
Język Angielski;Przetłumacz na polski;średnie;Co oznacza słowo "CUP"?;Kubek;Talerz;Miska
Język Angielski;Przetłumacz na polski;trudne;Co oznacza słowo "CLOUDY"?;Pochmurno;Słonecznie;Wietrznie
Język Angielski;Przetłumacz na polski;trudne;Co oznacza słowo "WINDY"?;Wietrznie;Gorąco;Mroźno
Język Angielski;Przetłumacz na polski;trudne;Co oznacza słowo "STORM"?;Burza;Tęcza;Mgła
Język Angielski;Przetłumacz na angielski;łatwe;Jak po angielsku jest "LODÓWKA"?;Fridge;Oven;Sink
Język Angielski;Przetłumacz na angielski;średnie;Jak po angielsku jest "PIEKARNIK"?;Oven;Fridge;Cooker
Język Angielski;Przetłumacz na angielski;średnie;Jak po angielsku jest "MYĆ"?;Wash;Eat;Sleep
Język Angielski;Przetłumacz na angielski;średnie;Jak po angielsku jest "SZCZOTECZKA"?;Brush;Comb;Soap
Język Angielski;Przetłumacz na angielski;średnie;Jak po angielsku jest "MYDŁO"?;Soap;Water;Cream
Język Angielski;Przetłumacz na angielski;średnie;Jak po angielsku jest "CZEKOLADA"?;Chocolate;Candy;Cake
Język Angielski;Przetłumacz na angielski;trudne;Jak po angielsku jest "URODZINY"?;Birthday;Holiday;Party
Język Angielski;Przetłumacz na angielski;trudne;Jak po angielsku jest "IMPREZA/PRZYJĘCIE"?;Party;School;Work
Język Angielski;Przetłumacz na angielski;trudne;Jak po angielsku jest "ZAMEK" (budowla)?;Castle;House;Garden
Język Angielski;Przetłumacz na angielski;trudne;Jak po angielsku jest "KRÓL"?;King;Queen;Prince
Język Angielski;Przetłumacz na angielski;trudne;Jak po angielsku jest "KRÓLOWA"?;Queen;King;Princess
Przyroda;Zwierzęta;średnie;Które zwierzę potrafi spać stojąc?;Koń;Krowa;Pies
Przyroda;Zwierzęta;łatwe;Gdzie mieszkają małe ptaszki, zanim nauczą się latać?;W gnieździe;W norze;W dziupli
Przyroda;Zwierzęta;średnie;Jak nazywa się domek mrówek?;Mrowisko;Ul;Stajnia
Przyroda;Zwierzęta;średnie;Które zwierzę ma na nosie róg?;Nosorożec;Słoń;Lew
Przyroda;Zwierzęta;łatwe;Które zwierzę daje nam wełnę na ciepłe swetry?;Owca;Koń;Świnia
Bajki i Legendy;Postacie;łatwe;Jak nazywa się przyjaciel Myszki Miki, który jest psem?;Pluto;Goofy;Donald
Bajki i Legendy;Postacie;średnie;Jak nazywa się syrenka, która chciała mieć nogi?;Ariel;Bella;Jasmina
Bajki i Legendy;Postacie;średnie;Kto jest wrogiem Myszki Jerry?;Kot Tom;Pies Pluto;Kaczor Donald
Bajki i Legendy;Postacie;łatwe;Jak ma na imię księżniczka, która zgubiła szklany pantofelek?;Kopciuszek;Śnieżka;Śpiąca Królewna
Polska i Świat;Tradycje;średnie;Co tradycyjnie robimy z marzanną, żeby przegonić zimę?;Topimy ją w wodzie;Ubieramy w bombki;Pieczemy w piecu
Codzienne Odkrycia;Pogoda;łatwe;Co spada z nieba i jest mokre?;Deszcz;Śnieg;Kamienie
Codzienne Odkrycia;Czas;średnie;Ile minut ma jedna godzina?;60;100;10
Codzienne Odkrycia;Kosmos;średnie;Jak nazywa się pojazd, którym poruszają się astronauci po powierzchni Księżyca?;Łazik;Samochód;Rower
Codzienne Odkrycia;Ciało;średnie;Gdzie znajduje się Twoje kolano?;W nodze;W ręce;W głowie
Codzienne Odkrycia;Higiena;łatwe;Czym wycieramy nos, gdy mamy katar?;Chusteczką;Ręcznikiem;Rękawem
Kulinaria;Jedzenie;średnie;Z czego robi się powidła i dżemy?;Z owoców;Z warzyw;Z mięsa
Kulinaria;Jedzenie;łatwe;Jaki smak ma cytryna?;Kwaśny;Słodki;Słony
Bezpieczeństwo;Ruch drogowy;średnie;Co musi założyć pasażer zaraz po wejściu do samochodu?;Pasy bezpieczeństwa;Kask;Okulary
Zawody;Praca;średnie;Kto sprzedaje nam produkty w sklepie?;Sprzedawca;Fryzjer;Malarz
Zawody;Praca;średnie;Kto strzyże i czesze nam włosy?;Fryzjer;Kosmetyczka;Krawiec
Sport;Zabawa;średnie;Jak nazywają się buty z kółkami, na których jeździmy po chodniku?;Rolki;Łyżwy;Narty
Język Angielski;Przetłumacz na polski;średnie;Co oznacza angielskie słowo "TOOTHBRUSH"?;Szczoteczka do zębów;Grzebień;Ręcznik
Język Angielski;Przetłumacz na polski;średnie;Co oznacza słowo "SOAP"?;Mydło;Woda;Szampon
Język Angielski;Przetłumacz na polski;trudne;Co oznacza słowo "TOWEL"?;Ręcznik;Koc;Poduszka
Język Angielski;Przetłumacz na polski;średnie;Co oznacza słowo "BIG"?;Duży;Mały;Szybki
Język Angielski;Przetłumacz na polski;średnie;Co oznacza słowo "SMALL"?;Mały;Duży;Gruby
Język Angielski;Przetłumacz na polski;łatwe;Jak powiesz po polsku "I AM HAPPY"?;Jestem wesoły;Jestem smutny;Jestem głodny
Język Angielski;Przetłumacz na polski;łatwe;Co oznacza kolor "BROWN"?;Brązowy;Czarny;Biały
Język Angielski;Przetłumacz na polski;średnie;Co oznacza kolor "PURPLE"?;Fioletowy;Różowy;Szary
Język Angielski;Przetłumacz na polski;średnie;Co oznacza kolor "GREY"?;Szary;Biały;Czarny
Język Angielski;Przetłumacz na polski;średnie;Co oznacza słowo "PIG"?;Świnka;Krowa;Owca
Język Angielski;Przetłumacz na polski;średnie;Co oznacza słowo "HORSE"?;Koń;Osioł;Kozioł
Język Angielski;Przetłumacz na polski;średnie;Co oznacza słowo "DUCK"?;Kaczka;Gęś;Kura
Język Angielski;Przetłumacz na polski;trudne;Ile to jest "ELEVEN"?;Jedenaście;Dwanaście;Dziesięć
Język Angielski;Przetłumacz na polski;trudne;Ile to jest "TWELVE"?;Dwanaście;Dwadzieścia;Jedenaście
Język Angielski;Przetłumacz na polski;trudne;Ile to jest "TWENTY"?;Dwadzieścia;Dwanaście;Dziesięć
Język Angielski;Przetłumacz na polski;średnie;Co oznacza słowo "FAST"?;Szybki;Wolny;Głośny
Język Angielski;Przetłumacz na polski;średnie;Co oznacza słowo "SLOW"?;Wolny;Szybki;Mały
Język Angielski;Przetłumacz na polski;średnie;Co oznacza słowo "COLD"?;Zimno;Gorąco;Mokro
Język Angielski;Przetłumacz na polski;średnie;Co oznacza słowo "HOT"?;Gorąco;Zimno;Sucho
Język Angielski;Przetłumacz na polski;trudne;Co oznacza słowo "WOLF"?;Wilk;Lis;Niedźwiedź
Język Angielski;Przetłumacz na polski;trudne;Co oznacza słowo "FOX"?;Lis;Wilk;Wiewiórka
Język Angielski;Przetłumacz na polski;średnie;Jak powiesz po polsku "WAKE UP"?;Obudź się;Idź spać;Umyj się
Język Angielski;Przetłumacz na polski;średnie;Co oznacza słowo "DANCE"?;Tańczyć;Śpiewać;Skakać
Język Angielski;Przetłumacz na polski;średnie;Co oznacza słowo "RUN"?;Biegać;Chodzić;Siedzieć
Język Angielski;Przetłumacz na polski;średnie;Co oznacza słowo "CLAP YOUR HANDS"?;Zaklaszcz w dłonie;Tupnij nogami;Dotknij nosa
Język Angielski;Przetłumacz na angielski;łatwe;Jak po angielsku jest "ŚWINKA"?;Pig;Cow;Duck
Język Angielski;Przetłumacz na angielski;średnie;Jak po angielsku jest "OWCA"?;Sheep;Goat;Cow
Język Angielski;Przetłumacz na angielski;średnie;Jak po angielsku jest "PSZCZOŁA"?;Bee;Spider;Ant
Język Angielski;Przetłumacz na angielski;średnie;Jak po angielsku jest "MRÓWKA"?;Ant;Bee;Fly
Język Angielski;Przetłumacz na angielski;średnie;Jak po angielsku jest "SKRZYDŁA"?;Wings;Legs;Eyes
Język Angielski;Przetłumacz na angielski;średnie;Jak po angielsku jest "KWIAT"?;Flower;Tree;Grass
Język Angielski;Przetłumacz na angielski;średnie;Jak po angielsku jest "TRAWA"?;Grass;Flower;Leaf
Język Angielski;Przetłumacz na angielski;średnie;Jak po angielsku jest "LIŚĆ"?;Leaf;Tree;Flower
Język Angielski;Przetłumacz na angielski;średnie;Jak po angielsku jest "SŁODKI"?;Sweet;Sour;Salty
Język Angielski;Przetłumacz na angielski;średnie;Jak po angielsku jest "KWAŚNY"?;Sour;Sweet;Bitter
Język Angielski;Przetłumacz na angielski;średnie;Jak po angielsku jest "KOŁO" (kształt)?;Circle;Square;Triangle
Język Angielski;Przetłumacz na angielski;średnie;Jak po angielsku jest "KWADRAT"?;Square;Circle;Star
Język Angielski;Przetłumacz na angielski;średnie;Jak po angielsku jest "TRÓJKĄT"?;Triangle;Square;Circle
Język Angielski;Przetłumacz na angielski;trudne;Jak po angielsku jest "SERCE"?;Heart;Star;Circle
Język Angielski;Przetłumacz na angielski;trudne;Jak po angielsku jest "PŁYWAĆ"?;Swim;Fly;Run
Język Angielski;Przetłumacz na angielski;średnie;Jak po angielsku jest "SKAKAĆ"?;Jump;Climb;Sleep
Język Angielski;Przetłumacz na angielski;średnie;Jak po angielsku jest "WSPINAĆ SIĘ"?;Climb;Jump;Walk
Język Angielski;Przetłumacz na angielski;średnie;Jak po angielsku jest "CZYTAĆ"?;Read;Write;Draw
Język Angielski;Przetłumacz na angielski;średnie;Jak po angielsku jest "PISAĆ"?;Write;Read;Sing
Język Angielski;Przetłumacz na angielski;średnie;Jak po angielsku jest "RYSOWAĆ"?;Draw;Read;Eat
Język Angielski;Przetłumacz na angielski;trudne;Jak po angielsku jest "KOLACJA"?;Supper;Breakfast;Lunch
Język Angielski;Przetłumacz na angielski;trudne;Jak po angielsku jest "ŚNIADANIE"?;Breakfast;Lunch;Dinner
Język Angielski;Przetłumacz na angielski;średnie;Jak po angielsku jest "DZIĘKUJĘ"?;Thank you;Please;Sorry
Język Angielski;Przetłumacz na angielski;średnie;Jak po angielsku jest "PRZEPRASZAM" (gdy coś nabroimy)?;I am sorry;Excuse me;Thank you
Język Angielski;Przetłumacz na angielski;trudne;Jak po angielsku jest "PRZEPRASZAM" (gdy chcemy przejść)?;Excuse me;I am sorry;Please
Język Angielski;Przetłumacz na angielski;średnie;Jak po angielsku jest "PROSZĘ" (prosząc o coś)?;Please;Thank you;Sorry
Język Angielski;Przetłumacz na angielski;średnie;Jak po angielsku jest "DOBRY"?;Good;Bad;Big
Język Angielski;Przetłumacz na angielski;średnie;Jak po angielsku jest "ZŁY" (niedobry)?;Bad;Good;Small
Język Angielski;Przetłumacz na angielski;średnie;Jak po angielsku jest "DZIŚ"?;Today;Tomorrow;Yesterday
Język Angielski;Przetłumacz na angielski;trudne;Jak po angielsku jest "JUTRO"?;Tomorrow;Today;Yesterday
Język Angielski;Przetłumacz na angielski;trudne;Jak po angielsku jest "WCZORAJ"?;Yesterday;Today;Tomorrow
Język Angielski;Przetłumacz na polski;łatwe;Co oznacza angielskie słowo "ICE"?;Lód;Woda;Ogień
Język Angielski;Przetłumacz na polski;średnie;Co oznacza słowo "FIRE"?;Ogień;Woda;Ziemia
Język Angielski;Przetłumacz na polski;średnie;Co oznacza słowo "BICYCLE"?;Rower;Hulajnoga;Motor
Język Angielski;Przetłumacz na polski;średnie;Jak powiesz po polsku "BE CAREFUL"?;Uważaj;Chodź tutaj;Dziękuję
Język Angielski;Przetłumacz na polski;średnie;Co oznacza słowo "WINDOW"?;Okno;Drzwi;Ściana
Język Angielski;Przetłumacz na polski;średnie;Co oznacza słowo "FLOOR"?;Podłoga;Sufit;Schody
Język Angielski;Przetłumacz na polski;średnie;Co oznacza słowo "BATHROOM"?;Łazienka;Kuchnia;Sypialnia
Język Angielski;Przetłumacz na polski;trudne;Ile to jest "THIRTEEN"?;Trzynaście;Trzy;Trzydzieści
Język Angielski;Przetłumacz na polski;trudne;Ile to jest "FOURTEEN"?;Czternaście;Cztery;Środa
Język Angielski;Przetłumacz na polski;trudne;Ile to jest "FIFTEEN"?;Piętnaście;Pięć;Piątek
Język Angielski;Przetłumacz na polski;średnie;Co oznacza słowo "MONSTER"?;Potwór;Smok;Duch
Język Angielski;Przetłumacz na polski;średnie;Co oznacza słowo "GHOST"?;Duch;Potwór;Wampir
Język Angielski;Przetłumacz na polski;średnie;Co oznacza słowo "WITCH"?;Czarownica;Wróżka;Królewna
Język Angielski;Przetłumacz na angielski;łatwe;Jak po angielsku jest "GRZYB"?;Mushroom;Apple;Flower
Język Angielski;Przetłumacz na angielski;średnie;Jak po angielsku jest "ŚLIMAK"?;Snail;Spider;Frog
Język Angielski;Przetłumacz na angielski;średnie;Jak po angielsku jest "ŻÓŁW"?;Turtle;Snake;Fish
Język Angielski;Przetłumacz na angielski;średnie;Jak po angielsku jest "WĄŻ"?;Snake;Turtle;Lizard
Język Angielski;Przetłumacz na angielski;średnie;Jak po angielsku jest "DŁUGI"?;Long;Short;Small
Język Angielski;Przetłumacz na angielski;średnie;Jak po angielsku jest "KRÓTKI"?;Short;Long;Big
Język Angielski;Przetłumacz na angielski;średnie;Jak po angielsku jest "PRZYJACIEL"?;Friend;Teacher;Student
Język Angielski;Przetłumacz na angielski;trudne;Jak po angielsku jest "DRUGI" (numer 2 w kolejce)?;Second;First;Third
Język Angielski;Przetłumacz na angielski;trudne;Jak po angielsku jest "PIERWSZY" (numer 1 w kolejce)?;First;Last;One
Język Angielski;Przetłumacz na angielski;trudne;Jak po angielsku jest "GARAŻ"?;Garage;House;Garden
Język Angielski;Przetłumacz na angielski;średnie;Jak po angielsku jest "KOSZ" (na śmieci)?;Bin;Box;Bag
Przyroda;Zwierzęta;średnie;Jak nazywa się największy lądowy drapieżnik, który ma białe futro?;Niedźwiedź polarny;Lew;Tygrys
Przyroda;Zwierzęta;średnie;Który ptak potrafi spać w locie?;Jerzyk;Wróbel;Gołąb
Przyroda;Zwierzęta;średnie;Ile nóg ma rak?;Dziesięć;Sześć;Osiem
Przyroda;Rośliny;łatwe;Z czego wyrastają kwiaty i drzewa?;Z nasion;Z kamieni;Z wody
Przyroda;Rośliny;średnie;Co jest potrzebne roślinie, żeby mogła rosnąć?;Woda i słońce;Cukierki;Zabawki
Bajki i Legendy;Postacie;łatwe;Jak nazywa się chłopiec, który wychował się w dżungli z wilkami?;Mowgli;Tarzan;Simba
Bajki i Legendy;Postacie;średnie;Kto jest najlepszym przyjacielem Zygzaka McQueena?;Złomek;Sally;Luigi
Bajki i Legendy;Postacie;łatwe;Jak ma na imię mała świnka z popularnej bajki, która ma brata o imieniu George?;Peppa;Maja;Dora
Polska i Świat;Symbole;średnie;Jak nazywa się słynny polski kompozytor, który grał na pianinie?;Fryderyk Chopin;Mikołaj Kopernik;Jan Paweł II
Codzienne Odkrycia;Zjawiska;średnie;Co to jest echo?;Głos, który do nas wraca;Rodzaj ptaka;Cień na ścianie
Codzienne Odkrycia;Zjawiska;łatwe;Dlaczego w nocy jest ciemno?;Bo słońce świeci po drugiej stronie Ziemi;Bo słońce idzie spać;Bo ktoś wyłączył światło
Codzienne Odkrycia;Higiena;średnie;Dlaczego musimy myć owoce?;Żeby pozbyć się brudu i bakterii;Żeby lepiej smakowały;Żeby zmieniły kolor
Kulinaria;Smaki;średnie;Jak smakują chipsy?;Słono;Słodko;Kwaśno
Kulinaria;Jedzenie;średnie;Z czego robi się ser żółty?;Z mleka;Z jajek;Z mąki
Zawody;Praca;średnie;Kto projektuje i buduje roboty lub maszyny?;Inżynier;Pisarz;Aktor
Zawody;Praca;średnie;Kto pisze książki dla dzieci?;Pisarz;Czytelnik;Drukarz
Sport;Gry;średnie;W co gramy, rzucając kulą w białe kręgle, żeby je przewrócić?;Kręgle;Bilard;Hokej
Sport;Gry;średnie;Co zakładamy na nogi, żeby jeździć po śniegu (nie są to narty ani sanki)?;Snowboard;Rolki;Łyżwy
Bajki i Legendy;Kotki Gabi;łatwe;Jak ma na imię mały, biały kotek z uszkami w kropki, który jest najlepszym przyjacielem Gabi?;Pandy Pikuś;Łasuch;Kicikasia
Bajki i Legendy;Kotki Gabi;średnie;Gdzie Gabi i kotki spędzają czas po zmniejszeniu się?;W magicznym domku;W ogrodzie;W szkole
Bajki i Legendy;Kotki Gabi;średnie;Jak nazywa się kotka, która uwielbia robić eksperymenty w kuchni?;Łasuch;Najkotek;Syrenkotka
Bajki i Legendy;Oktonauci;średnie;Jak nazywa się kapitan Oktonautów, który jest białym niedźwiedziem?;Kapitan Barnaba;Kwazi;Piniusz
Bajki i Legendy;Oktonauci;łatwe;Czym poruszają się Oktonauci pod wodą?;Gupami (pojazdami);Samolotami;Rowerami
Bajki i Legendy;Oktonauci;średnie;Kim z zawodu jest Piniusz w drużynie Oktonautów?;Lekarzem;Kucharzem;Kierowcą
Bajki i Legendy;Cry Babies;łatwe;Co się dzieje, gdy laleczki Cry Babies są smutne?;Płaczą prawdziwymi łzami;Zmieniają kolor;Zaczynają śpiewać
Bajki i Legendy;Cry Babies;średnie;Gdzie mieszkają laleczki Cry Babies?;W Dolinie Łez;W lesie;Na chmurce
Bajki i Legendy;Strażnicy Przyrody;średnie;Ilu jest Strażników Przyrody, którzy dbają o parki?;Troje;Pięciu;Dziesięciu
Bajki i Legendy;Strażnicy Przyrody;średnie;Jak ma na imię dziewczynka ze Strażników Przyrody, która kocha rośliny?;Kodi;Summer;Eddy
Bajki i Legendy;Vaiana;łatwe;Jak nazywa się potężny półbóg, który towarzyszy Vaianie w wyprawie?;Maui;Pua;Heihei
Bajki i Legendy;Vaiana;średnie;Co Vaiana musi oddać bogini Te Fiti, aby uratować wyspę?;Serce;Naszyjnik;Wiosło
Bajki i Legendy;Vaiana;łatwe;Kim jest Heihei w bajce Vaiana?;Kurczakiem;Prosiaczkiem;Rybią
Bajki i Legendy;Psi Patrol;łatwe;Jak ma na imię chłopiec, który dowodzi Psim Patrolem?;Ryder;Marshall;Chase
Bajki i Legendy;Psi Patrol;łatwe;Który piesek z Psiego Patrolu lata helikopterem?;Skye;Rocky;Zuma
Bajki i Legendy;Psi Patrol;średnie;Jakiego koloru jest pojazd Chase'a?;Niebieskiego;Czerwonego;Zielonego
Bajki i Legendy;Jeźdźcy Smoków;średnie;Jak nazywa się smok, którym lata Czkawka?;Szczerbatek;Wichura;Hakokieł
Bajki i Legendy;Jeźdźcy Smoków;trudne;Jakiego gatunku jest smok Szczerbatek?;Nocna Furia;Śmiertelnik Zębacz;Gronkiel
Bajki i Legendy;Jeźdźcy Smoków;średnie;Gdzie mieszkają bohaterowie bajki o smokach?;Na wyspie Berk;W Warszawie;Na dnie morza
Bajki i Legendy;Kraina Lodu;łatwe;Jaką magiczną moc ma Elza?;Tworzenie lodu i śniegu;Zianie ogniem;Latanie
Bajki i Legendy;Kraina Lodu;średnie;Jak nazywa się renifer, który jest przyjacielem Kristoffa?;Sven;Olaf;Hans
Bajki i Legendy;Kraina Lodu;łatwe;Kto jest ulepiony ze śniegu i kocha gorące uściski?;Olaf;Kristoff;Oken
Bajki i Legendy;Kraina Lodu;średnie;W jakim mieście mieszkają siostry Anna i Elza?;W Arendelle;W Krakowie;W Nibylandii
Bajki i Legendy;Kotki Gabi;łatwe;Jak ma na imię dziewczynka, która zakłada magiczną opaskę z uszkami?;Gabi;Ania;Zuzia
Bajki i Legendy;Kotki Gabi;łatwe;Co mówi Gabi, kiedy chce się zmniejszyć i wejść do domku?;"A kuku, kici-kici!";"Abrakadabra!";"Sezamie, otwórz się!"
Bajki i Legendy;Kotki Gabi;średnie;Jak nazywa się kotek, który jest rajdowcem i ma auto?;Najkotek;Pandy Pikuś;DJ Kocimiętka
Bajki i Legendy;Kotki Gabi;średnie;Który kotek uwielbia muzykę i nosi wielkie słuchawki?;DJ Kocimiętka;Łasuch;Kicikasia
Bajki i Legendy;Kotki Gabi;średnie;Jak nazywa się kotka, która jest w połowie syrenką?;Syrenkotka;Wróżkotka;Tekturzątko
Bajki i Legendy;Kotki Gabi;trudne;Gdzie w domku Gabi mieszka Tekturzątko?;W pracowni plastycznej;W kuchni;W łazience
Bajki i Legendy;Kotki Gabi;średnie;Jak ma na imię kotek-wróżka, który mieszka w ogrodzie?;Wróżkotka;Kicikasia;Najkotek
Bajki i Legendy;Kotki Gabi;trudne;Jak nazywa się mały kotek, który zawsze psoci i chowa się w kartonach?;Tekturzątko;Pandy Pikuś;Łasuch
Bajki i Legendy;Kotki Gabi;łatwe;Jaki kolor ma opaska Gabi?;Biały w czarne kropki;Różowy;Niebieski
Bajki i Legendy;Kotki Gabi;średnie;Co Gabi znajduje w skrzynce przed domkiem na początku bajki?;Przesyłkę z niespodzianką;List od mamy;Pizzę
Bajki i Legendy;Oktonauci;łatwe;Jakiego koloru jest kombinezon Kapitana Barnaby?;Niebieski;Czerwony;Zielony
Bajki i Legendy;Oktonauci;średnie;Jak nazywa się kot, który jest piratem w drużynie Oktonautów?;Kwazi;Piniusz;Kocur
Bajki i Legendy;Oktonauci;średnie;Kim z zawodu jest Piniusz (pingwin)?;Lekarzem;Kucharzem;Mechanikiem
Bajki i Legendy;Oktonauci;łatwe;Gdzie mieszkają Oktonauci?;W Oktopodzie;W zamku;W jaskini
Bajki i Legendy;Oktonauci;średnie;Jak nazywa się piesek, który jest fotografem i biologiem?;Xeni;Dasia;Mimi
Bajki i Legendy;Oktonauci;trudne;Jak nazywa się królik, który jest mechanikiem w drużynie?;Tweak;Kwazi;Barnaba
Bajki i Legendy;Oktonauci;średnie;Co robią Oktonauci, gdy usłyszą alarm?;Pędzą na ratunek;Idą spać;Jedzą obiad
Bajki i Legendy;Oktonauci;trudne;Jak nazywają się małe pojazdy Oktonautów?;Gupy;Autka;Statki
Bajki i Legendy;Oktonauci;średnie;W jakim środowisku pracują Oktonauci?;W oceanie;W kosmosie;Na pustyni
Bajki i Legendy;Oktonauci;średnie;Które zwierzę morskie często ratują Oktonauci?;Wieloryba;Lwa;Małpę
Bajki i Legendy;Cry Babies;łatwe;Co aktywuje magiczne moce łez Cry Babies?;Emocje i przyjaźń;Cukierki;Zabawa w chowanego
Bajki i Legendy;Cry Babies;średnie;Jak ma na imię laleczka w stroju myszki?;Lala;Connie;Dotty
Bajki i Legendy;Cry Babies;średnie;Jak ma na imię laleczka w stroju dalmatyńczyka?;Dotty;Lala;Lea
Bajki i Legendy;Cry Babies;łatwe;Co Cry Babies noszą w buziach?;Smoczki;Lizaki;Gwizdki
Bajki i Legendy;Cry Babies;średnie;Gdzie Cry Babies przechowują swoje magiczne łzy?;W buteleczkach;W wiaderkach;W basenie
Bajki i Legendy;Cry Babies;trudne;Jak nazywa się piesek-pupil laleczki Dotty?;Spot;Reks;Azor
Bajki i Legendy;Cry Babies;średnie;W co ubrane są laleczki Cry Babies?;W piżamki-zwierzątka;W sukienki;W mundurki
Bajki i Legendy;Cry Babies;średnie;Jak nazywa się kraina, w której mieszkają Cry Babies?;Dolina Magic Tears;Kraina Lodu;Stumilowy Las
Bajki i Legendy;Cry Babies;trudne;Jak ma na imię laleczka w stroju biedronki?;Lady;Connie;Kristal
Bajki i Legendy;Cry Babies;średnie;Czym podróżują Cry Babies w swojej krainie?;Magicznymi pojazdami;Samolotem;Pociągiem
Bajki i Legendy;Strażnicy Przyrody;łatwe;Czym zajmują się Strażnicy Przyrody?;Ochroną parków i natury;Budowaniem wieżowców;Sprzedażą lodów
Bajki i Legendy;Strażnicy Przyrody;średnie;Jak ma na imię niedźwiadek z drużyny?;Kodi;Eddy;Summer
Bajki i Legendy;Strażnicy Przyrody;średnie;Jak ma na imię dziewczynka, która jest liderką grupy?;Summer;Dora;Ariel
Bajki i Legendy;Strażnicy Przyrody;średnie;Jak nazywa się mały lisek z drużyny?;Eddy;Kodi;Pikuś
Bajki i Legendy;Strażnicy Przyrody;trudne;Co noszą Strażnicy na piersiach, co pomaga im w misjach?;Magiczne odznaki;Naszyjniki;Zegarki
Bajki i Legendy;Strażnicy Przyrody;łatwe;Gdzie pracują Strażnicy Przyrody?;W Parku Narodowym;W mieście;W szkole
Bajki i Legendy;Strażnicy Przyrody;średnie;Które zwierzę jest ich opiekunem i przewodnikiem?;Wielki Duch (Niedźwiedź);Orzeł;Wilk
Bajki i Legendy;Strażnicy Przyrody;trudne;Jak nazywa się miejsce, w którym Strażnicy planują misje?;Baza w jaskini;Domek na drzewie;Zamek
Bajki i Legendy;Strażnicy Przyrody;średnie;Przed czym Strażnicy chronią park?;Przed zniszczeniem i śmieciami;Przed deszczem;Przed słońcem
Bajki i Legendy;Strażnicy Przyrody;średnie;Czym podróżują Strażnicy po parku?;Rowerami i pieszo;Wielką rakietą;Statkiem
Bajki i Legendy;Vaiana;łatwe;Jak nazywa się prosiaczek Vaiany?;Pua;Heihei;Maui
Bajki i Legendy;Vaiana;średnie;Jak nazywa się babcia Vaiany, która uczy ją o oceanie?;Tala;Sina;Te Fiti
Bajki i Legendy;Vaiana;łatwe;Z czym Vaiana rozmawia i co jej pomaga w drodze?;Ocean;Las;Góry
Bajki i Legendy;Vaiana;średnie;Gdzie Vaiana znalazła ukryte statki swoich przodków?;W jaskini za wodospadem;W piasku;W lesie
Bajki i Legendy;Vaiana;średnie;Jak nazywa się potwór z lawy, który chce serca Te Fiti?;Te Ka;Tamatoa;Kakamora
Bajki i Legendy;Vaiana;trudne;Jak nazywa się wielki krab, który kocha złoto i błyskotki?;Tamatoa;Maui;Pua
Bajki i Legendy;Vaiana;średnie;Jakie małe stworki w maskach z kokosów atakują Vaianę?;Kakamora;Małpki;Piraci
Bajki i Legendy;Vaiana;łatwe;Na czym Vaiana pływa przez ocean?;Na łodzi (katamaranie);Na statku;Na desce
Bajki i Legendy;Vaiana;średnie;Kim z zawodu jest tata Vaiany?;Wodzem wyspy;Rybakiem;Kucharzem
Bajki i Legendy;Vaiana;trudne;Jak nazywa się wyspa, na której mieszka Vaiana?;Motunui;Hawaje;Madagaskar
Bajki i Legendy;Psi Patrol;łatwe;Który piesek z Psiego Patrolu jest strażakiem?;Marshall;Chase;Rocky
Bajki i Legendy;Psi Patrol;średnie;Który piesek zajmuje się recyklingiem i naprawianiem rzeczy?;Rocky;Zuma;Rubble
Bajki i Legendy;Psi Patrol;łatwe;Jak wabi się piesek, który jeździ wielką koparką?;Rubble;Marshall;Chase
Bajki i Legendy;Psi Patrol;średnie;Który piesek ratuje zwierzęta w wodzie?;Zuma;Skye;Everest
Bajki i Legendy;Psi Patrol;średnie;Jak wabi się suczka, która pomaga w górach i na śniegu?;Everest;Skye;Liberty
Bajki i Legendy;Psi Patrol;trudne;Jak nazywa się miasto, w którym mieszka Psi Patrol?;Zatoka Przygód;Nibylandia;Kraków
Bajki i Legendy;Psi Patrol;średnie;Jak nazywa się burmistrz, który zawsze ma kurczaka o imieniu Chickaletta?;Burmistrz Humdinger;Pani Burmistrz Goodway;Ryder
Bajki i Legendy;Psi Patrol;trudne;Jak nazywa się piesek, który potrafi tropić jak szpieg?;Chase;Rocky;Marshall
Bajki i Legendy;Psi Patrol;łatwe;Co mówi Ryder, gdy wzywa pieski?;"Psi Patrol melduje się w bazie!";"Chodźcie na obiad!";"Czas na zabawę!"
Bajki i Legendy;Psi Patrol;średnie;Gdzie pieski czekają na odprawę przed misją?;W Wieży (Bazie);W budzie;W parku
Bajki i Legendy;Jeźdźcy Smoków;łatwe;Jak nazywa się główny bohater, który oswoił Szczerbatka?;Czkawka;Sączysmark;Śledzik
Bajki i Legendy;Jeźdźcy Smoków;średnie;Jak ma na imię dzielna dziewczyna, przyjaciółka Czkawki?;Astrid;Heather;Ruffnut
Bajki i Legendy;Jeźdźcy Smoków;łatwe;Jakiego koloru jest smok Szczerbatek?;Czarny;Czerwony;Niebieski
Bajki i Legendy;Jeźdźcy Smoków;średnie;Jak nazywa się smok Astrid?;Wichura;Hakokieł;Sztukamięs
Bajki i Legendy;Jeźdźcy Smoków;trudne;Jak nazywa się gatunek smoka Wichury?;Śmiertelnik Zębacz;Nocna Furia;Gronkiel
Bajki i Legendy;Jeźdźcy Smoków;średnie;Co Czkawka stracił w walce ze smokiem (część ciała)?;Nogę;Rękę;Ucho
Bajki i Legendy;Jeźdźcy Smoków;trudne;Jak nazywa się smok Sączysmarka, który zieje ogniem?;Hakokieł;Sztukamięs;Wichura
Bajki i Legendy;Jeźdźcy Smoków;średnie;Z czego zrobiona jest proteza ogona Szczerbatka?;Z metalu i skóry;Z drewna;Z plastiku
Bajki i Legendy;Jeźdźcy Smoków;trudne;Jak nazywają się dwa smoki, które mają dwie głowy?;Zębiłap;Gronkiel;Nocna Furia
Bajki i Legendy;Jeźdźcy Smoków;łatwe;Czym zajmują się bohaterowie na wyspie Berk?;Trenowaniem smoków;Łowieniem motyli;Budowaniem wieżowców
Bajki i Legendy;Kraina Lodu;łatwe;Jak ma na imię siostra Elzy?;Anna;Zofia;Maja
Bajki i Legendy;Kraina Lodu;średnie;Kim z zawodu jest Kristoff?;Sprzedawcą lodu;Królem;Rybakiem
Bajki i Legendy;Kraina Lodu;średnie;Jak nazywa się zły książę, który oszukał Annę?;Hans;Kristoff;Sven
Bajki i Legendy;Kraina Lodu;łatwe;Co ulepiła Elza, gdy uciekła z zamku?;Lodowy pałac;Domek z piernika;Bałwana Olafa
Bajki i Legendy;Kraina Lodu;średnie;Jakie zwierzątko z lasu zaprzyjaźniło się z Anną i Elzą (mały jaszczur)?;Bruni (Salamandra);Sven;Piesek
Bajki i Legendy;Kraina Lodu;trudne;Jak nazywał się olbrzymi potwór ze śniegu, którego stworzyła Elza?;Puszek;Olaf;Sven
Bajki i Legendy;Kraina Lodu;średnie;Co jest jedynym lekiem na zamarznięte serce?;Akt prawdziwej miłości;Gorąca herbata;Ciepły koc
Bajki i Legendy;Kraina Lodu;trudne;Jak nazywa się ojciec Anny i Elzy (król)?;Agnarr;Hans;Oken
Bajki i Legendy;Kraina Lodu;łatwe;Jaki utwór śpiewa Elza, gdy tworzy lodowy pałac?;"Mam tę moc";"Sto lat";"Wlazł kotek"
Bajki i Legendy;Kraina Lodu;średnie;Gdzie mieszkają trolle, przyjaciele Kristoffa?;W Dolinie Żywej Skały;W lesie;W jaskini
Bajki i Legendy;Kotki Gabi;łatwe;Kogo Gabi zawsze prosi o pomoc w kuchni?;Łasucha;Pandusia;Kicikasię
Bajki i Legendy;Kotki Gabi;średnie;Jak nazywa się mały kotek, który jest ekspertem od robótek ręcznych?;Tekturzątko;Wróżkotka;DJ Kocimiętka
Bajki i Legendy;Kotki Gabi;średnie;Jakiego koloru jest sypialnia w domku Gabi?;Tęczowa;Zielona;Brązowa
Bajki i Legendy;Kotki Gabi;łatwe;Jak nazywa się ulubiona przytulanka Gabi?;Pandy Pikuś;Misiu;Kiciuś
Bajki i Legendy;Kotki Gabi;średnie;Co robi Syrenkotka w łazience?;Bierze kąpiel z pianą;Gotuje zupę;Śpi w łóżku
Bajki i Legendy;Oktonauci;łatwe;Jak nazywa się pingwin, który jest lekarzem Oktonautów?;Piniusz;Barnaba;Kwazi
Bajki i Legendy;Oktonauci;średnie;Który Oktonauta jest najodważniejszym piratem?;Kwazi;Piniusz;Tweak
Bajki i Legendy;Oktonauci;średnie;Jak nazywa się królik, który buduje wszystkie maszyny?;Tweak;Dasia;Barnaba
Bajki i Legendy;Oktonauci;łatwe;Jakiego zwierzęcia Kapitan Barnaba jest przedstawicielem?;Niedźwiedzia polarnego;Psa;Kota
Bajki i Legendy;Oktonauci;średnie;Co robią Oktonauci, gdy widzą chore zwierzę?;Leczą je i ratują;Uciekają;Robią zdjęcie
Bajki i Legendy;Cry Babies;łatwe;Z czego zrobione są domki laleczek w krainie Magic Tears?;Z butelek do karmienia;Z klocków;Z piernika
Bajki i Legendy;Cry Babies;średnie;Jak ma na imię laleczka w stroju foki?;Kristal;Lala;Lea
Bajki i Legendy;Cry Babies;średnie;Jaki kolor włosów ma laleczka Katie?;Różowy;Niebieski;Zielony
Bajki i Legendy;Cry Babies;łatwe;Co jedzą laleczki, aby ich łzy stały się magiczne?;Specjalne owoce i jedzenie;Lody;Czekoladę
Bajki i Legendy;Cry Babies;średnie;Jak ma na imię laleczka w stroju jednorożca?;Dreamy;Lala;Connie
Bajki i Legendy;Strażnicy Przyrody;łatwe;Jakie zwierzątko pomaga Summer w jej misjach?;Motyl;Piesek;Kotka
Bajki i Legendy;Strażnicy Przyrody;średnie;Co robią Strażnicy, gdy w parku pojawiają się śmieci?;Sprzątają je;Zostawiają je;Bawią się nimi
Bajki i Legendy;Strażnicy Przyrody;średnie;Jak ma na imię mały jelonek z lasu?;Niedźwiadek;Jelonek;Lisek
Bajki i Legendy;Strażnicy Przyrody;łatwe;Z kim rozmawiają Strażnicy, żeby poznać tajemnice parku?;Z duchem drzewa;Z kamieniem;Z słońcem
Bajki i Legendy;Strażnicy Przyrody;średnie;Jaki kolor ma mundur Kodiego?;Niebieski;Pomarańczowy;Zielony
Bajki i Legendy;Vaiana;łatwe;Co Vaiana najbardziej kocha robić na oceanie?;Żeglować;Nurkować;Łowić ryby
Bajki i Legendy;Vaiana;średnie;Gdzie Vaiana schowała serce Te Fiti na początku wyprawy?;W naszyjniku;W kieszeni;W łodzi
Bajki i Legendy;Vaiana;średnie;Jak nazywa się tata Vaiany?;Wódz Tui;Maui;Pua
Bajki i Legendy;Vaiana;łatwe;Jakiego koloru jest kwiat, który Vaiana nosi we włosach?;Różowy;Niebieski;Żółty
Bajki i Legendy;Vaiana;średnie;Kim z zawodu jest Maui?;Półbogiem;Rybakiem;Królem
Bajki i Legendy;Psi Patrol;łatwe;Który piesek z Psiego Patrolu najbardziej boi się wody?;Rocky;Zuma;Marshall
Bajki i Legendy;Psi Patrol;łatwe;Który piesek ma na imię Marshall i jest dalmatyńczykiem?;Strażak;Policjant;Budowniczy
Bajki i Legendy;Psi Patrol;średnie;Jak nazywa się zły burmistrz, który zawsze psoci?;Humdinger;Ryder;Goodway
Bajki i Legendy;Psi Patrol;łatwe;Który piesek jest ekspertem od lotów?;Skye;Everest;Liberty
Bajki i Legendy;Psi Patrol;średnie;Jak nazywa się baza, w której mieszkają pieski?;Baza/Wieża;Zamek;Garaż
Bajki i Legendy;Psi Patrol;średnie;Który piesek kocha góry i śnieg?;Everest;Zuma;Chase
Bajki i Legendy;Psi Patrol;łatwe;Jakie hasło mówi Chase?;"Chase się tym zajmie!";"Pali się!";"Wodna akcja!"
Bajki i Legendy;Psi Patrol;średnie;Jak ma na imię kurczak Pani Burmistrz?;Chickaletta;Koko;Pipi
Bajki i Legendy;Psi Patrol;łatwe;Co Ryder rozdaje pieskom na koniec misji?;Przysmaki;Medale;Zabawki
Bajki i Legendy;Psi Patrol;średnie;Jak nazywa się piesek-robot, który prowadzi Patrolowiec?;Robo-pies;Mechanik;Blaszak
Bajki i Legendy;Jeźdźcy Smoków;łatwe;Jak nazywa się wyspa, na której żyją wikingowie i smoki?;Berk;Tora;Lawa
Bajki i Legendy;Jeźdźcy Smoków;średnie;Jak nazywa się smok Śledzika?;Sztukamięs;Szczerbatek;Wichura
Bajki i Legendy;Jeźdźcy Smoków;średnie;Który smok potrafi stawać się niewidzialny?;Zmiennoskrzydły;Nocna Furia;Gronkiel
Bajki i Legendy;Jeźdźcy Smoków;łatwe;Co jedzą smoki na wyspie Berk?;Ryby;Trawę;Owoce
Bajki i Legendy;Jeźdźcy Smoków;średnie;Jak ma na imię tata Czkawki?;Stoick Ważki;Śledzik;Sączysmark
Bajki i Legendy;Kraina Lodu;łatwe;Z czego zrobiona jest suknia Elzy po przemianie?;Z lodu i śniegu;Z bawełny;Z papieru
Bajki i Legendy;Kraina Lodu;średnie;Kto towarzyszy Annie w drodze do Północnej Góry?;Kristoff i Sven;Hans;Książę
Bajki i Legendy;Kraina Lodu;łatwe;Co Olaf najbardziej chciałby zobaczyć?;Lato;Zimę;Deszcz
Bajki i Legendy;Kraina Lodu;średnie;Jak nazywa się troll, który opiekuje się Kristoffem?;Pabbie;Olaf;Sven
Bajki i Legendy;Kraina Lodu;średnie;Jaki kolor mają włosy Anny?;Rudy;Blond;Czarny
Bajki i Legendy;Bluey;łatwe;Jak nazywa się młodsza siostra Bluey?;Bingo;Bella;Buba
Bajki i Legendy;Bluey;średnie;Jakiego koloru jest piesek Bluey?;Niebieskiego;Czerwonego;Białego
Bajki i Legendy;Bluey;średnie;W jakim kraju mieszka rodzina Bluey?;W Australii;W Polsce;W Ameryce
Bajki i Legendy;Bluey;łatwe;Jak ma na imię tata Bluey?;Bandit;Chilli;Bingo
Bajki i Legendy;Bluey;średnie;W co Bluey i Bingo najczęściej się bawią?;W dorosłych i sklep;W chowanego;W berka
Bajki i Legendy;Świat Peppy;łatwe;Jak ma na imię młodszy brat świnki Peppy?;George;Tom;Jack
Bajki i Legendy;Świat Peppy;łatwe;Co świnka Peppa najbardziej lubi robić?;Skakać w błotnistych kałużach;Czytać książki;Spać
Bajki i Legendy;Świat Peppy;średnie;Jak nazywa się najlepsza przyjaciółka Peppy?;Owca Suzy;Królik Rebecca;Kotka Candy
Bajki i Legendy;Świat Peppy;średnie;Jakiego koloru jest sukienka Peppy?;Czerwonego;Niebieskiego;Zielonego
Bajki i Legendy;Świat Peppy;łatwe;Co nosi Tata Świnka?;Okulary;Czapkę;Krawat
Bajki i Legendy;Bluey;łatwe;Jakiej rasy psami są bohaterowie bajki Bluey?;Australian Cattle Dog (Heeler);Labrador;Pudel
Bajki i Legendy;Bluey;łatwe;Jak ma na imię mama Bluey?;Chilli;Bingo;Wendy
Bajki i Legendy;Bluey;średnie;Jak nazywa się ulubiona pacynka Bluey, która jest bardzo złośliwa?;Shaun;Bob;Bill
Bajki i Legendy;Bluey;średnie;W jakiej grze Bluey i Bingo używają magicznej różdżki, by zamrażać tatę?;Czarodziejskie Aspidistry;Zaczarowany flet;Magiczne klocki
Bajki i Legendy;Bluey;łatwe;Jak nazywa się kuzynka Bluey, która jest biała i bardzo spokojna?;Muffin;Socks;Trixie
Bajki i Legendy;Bluey;średnie;Jak nazywa się ulubiona zabawka Bingo, którą zgubiła w parku?;Floppy;Polly;Teddy
Bajki i Legendy;Bluey;średnie;Jaką postać udaje tata, gdy bawią się w "Szpital"?;Pacjenta;Lekarza;Pielęgniarkę
Bajki i Legendy;Bluey;łatwe;Jaki kolor ma Bingo?;Pomarańczowy;Niebieski;Biały
Bajki i Legendy;Bluey;średnie;Jak nazywa się gra, w której Bluey i Bingo udają dwie starsze panie?;Babunie;Ciocie;Mamy
Bajki i Legendy;Bluey;trudne;Jak mają na imię babunie, w które wcielają się Bluey i Bingo?;Janet i Rita;Maja i Gaja;Anna i Elsa
Bajki i Legendy;Bluey;średnie;Jak ma na imię sąsiad rodziny Heelerów, który często bierze udział w ich zabawach?;Pat (tata Lucky’ego);Bob;Chris
Bajki i Legendy;Bluey;średnie;Co robi Bluey, gdy bawi się w "Ksilofon"?;Zamraża inne osoby;Gra piękną muzykę;Chowa się pod łóżkiem
Bajki i Legendy;Bluey;łatwe;Jak nazywa się najlepsza przyjaciółka Bluey ze szkoły?;Chloe;Coco;Indy
Bajki i Legendy;Bluey;średnie;Jakiej rasy jest Chloe, przyjaciółka Bluey?;Dalmatyńczykiem;Mopsem;Owczarkiem
Bajki i Legendy;Bluey;trudne;Jak nazywa się przedszkole, do którego chodzi Bluey?;Szkoła Steinerowska;Leśne przedszkole;Zaczarowany ogród
Bajki i Legendy;Bluey;średnie;W co bawią się dziewczynki, gdy używają liścia jako "chodzącego patyczka"?;W owada (Walking Leaf);W drzewo;W ptaka
Bajki i Legendy;Bluey;średnie;Jak nazywa się brat taty Bluey?;Radley;Stripe;Chris
Bajki i Legendy;Bluey;łatwe;Co tata Bluey najczęściej robi w ogrodzie?;Grilluje;Kopie dziury;Śpi na trawie
Bajki i Legendy;Bluey;średnie;Jak nazywa się młodsza siostra Muffinki?;Socks;Bingo;Judo
Bajki i Legendy;Bluey;trudne;Jak nazywa się gra, w której nie wolno dotknąć stopami podłogi?;Podłoga to lawa;Skoczki;Ptaszki
Bajki i Legendy;Bluey;średnie;Czego nie potrafi robić Muffinka, gdy nosi wielki kołnierz na szyi?;Przestać biegać;Przestać szczekać;Przestać jeść chipsy
Bajki i Legendy;Bluey;średnie;Jak nazywa się gra, w której tata jest wielkim, ciężkim dywanem?;Naleśnik;Dywan;Ciężarówka
Bajki i Legendy;Bluey;średnie;Jaką nazwę nosi odcinek, w którym Bingo uczy się bawić sama w nocy?;Dobranoc;Sen;Księżyc
Bajki i Legendy;Bluey;łatwe;Gdzie pracuje mama Bluey?;Na lotnisku (ochrona);W szkole;W sklepie
Bajki i Legendy;Bluey;średnie;Jak Bluey nazywa swojego tatę?;Tata;Bandit;Król
Bajki i Legendy;Bluey;średnie;Jak nazywa się ulubiony taniec Bluey i jej rodziny?;Taniec-Wyginaniec (Dance Mode);Balet;Walc
Bajki i Legendy;Bluey;trudne;Jak nazywa się odcinek, w którym nikt nie może się odezwać?;Góra Mount Mumanddad;Cicha gra;Zabawa w kino
Bajki i Legendy;Bluey;średnie;Co Bluey i Bingo robią, gdy bawią się w "Hotel"?;Tata jest gościem, a one obsługą;Idą spać;Budują dom z koców
Bajki i Legendy;Bluey;łatwe;Jaki kształt ma domek Bluey?;Jest na wzgórzu z dużymi schodami;Jest pod ziemią;To zamek
Bajki i Legendy;Bluey;średnie;Jak nazywa się gra, w której Bluey i Bingo udają, że są w kosmosie?;Gwiezdne wojny;Planety;Rakieta
Bajki i Legendy;Świat Peppy;łatwe;Jak nazywa się ulubiona zabawka George'a, brata Peppy?;Pan Dinozaur;Pan Miś;Pan Kaczka
Bajki i Legendy;Świat Peppy;średnie;Jak ma na imię opiekunka w przedszkolu Peppy?;Pani Gazela;Pani Królik;Pani Owca
Bajki i Legendy;Świat Peppy;łatwe;Gdzie Peppa i George najbardziej lubią skakać po deszczu?;W błotnistych kałużach;W piaskownicy;W basenie
Bajki i Legendy;Świat Peppy;średnie;Jakiego koloru jest auto rodziny świnek?;Czerwonego;Niebieskiego;Żółtego
Bajki i Legendy;Świat Peppy;łatwe;Jak ma na imię dziadek Peppy, który ma piękny ogród?;Dziadek Świnka;Dziadek Pies;Dziadek Królik
Bajki i Legendy;Świat Peppy;średnie;Czym dziadek Świnka wozi dzieci po swoim ogrodzie?;Małym pociągiem (Gertrudą);Autobusem;Statkiem
Bajki i Legendy;Świat Peppy;łatwe;Jak wabi się złota rybka Peppy?;Goldie;Błystka;Kropka
Bajki i Legendy;Świat Peppy;średnie;Jak ma na imię najlepsza przyjaciółka Peppy?;Owca Suzy;Królik Rebecca;Kotka Candy
Bajki i Legendy;Świat Peppy;średnie;W co Peppa i George bawią się u babci i dziadka na strychu?;W przebieranki;W chowanego;W berka
Bajki i Legendy;Świat Peppy;trudne;Jak ma na imię kuzynka Peppy, która jest już nieco starsza?;Chloé;Becca;Molly
Bajki i Legendy;Świat Peppy;średnie;Co Tata Świnka zawsze gubi i nie może znaleźć?;Okularów;Kluczyków;Butów
Bajki i Legendy;Świat Peppy;łatwe;Co Peppa i jej rodzina robią na koniec każdego żartu?;Przewracają się na plecy i śmieją;Klaszczą;Skaczą
Bajki i Legendy;Świat Peppy;średnie;Jak nazywa się lekarz, który leczy zwierzątka w bajce?;Doktor Chomik;Doktor Pies;Doktor Słoń
Bajki i Legendy;Świat Peppy;trudne;Jak ma na imię mały brat owcy Suzy?;Suzy nie ma brata;George;Zuzu
Bajki i Legendy;Świat Peppy;średnie;Gdzie pracuje Pani Królik (podaj jedno z miejsc)?;W sklepiku z lodami;W kopalni;W cyrku
Bajki i Legendy;Świat Peppy;łatwe;Jak ma na imię mama Peppy?;Mama Świnka;Pani Krowa;Pani Koń
Bajki i Legendy;Świat Peppy;średnie;Co najbardziej lubi jeść George?;Ciasto czekoladowe;Marchewkę;Sałatę
Bajki i Legendy;Świat Peppy;średnie;Jak nazywa się kolega Peppy, który jest psem?;Pedro Pies;Danny Pies;Freddie Pies
Bajki i Legendy;Świat Peppy;trudne;Jak ma na imię Francuzka, która odwiedziła Peppę?;Oślina Delphine;Kicia Kasia;Owca Suzy
Bajki i Legendy;Świat Peppy;średnie;Kto w bajce pilotuje helikopter ratunkowy?;Pani Królik;Tata Świnka;Dziadek Pies